,agency_name,acrs_report_type,crash_date_time,number_of_lanes,at_fault,collision_type,weather,light,driver_substance_abuse,first_harmful_event,latitude,longitude,hit_run,road_grade,surface_condition,traffic_control,junction,intersection_type,road_alignment,road_condition,road_division,route_type,road_name
1,Montgomery,Property Damage Crash,2025-05-27 20:40:00,1,Driver,Angle,Rain,Dark - Not Lighted,Not Suspected,Motor Vehicle In Transport,39.00403317,-77.0409946,No,"Level, Uphill",Wet,Signs,Intersection Or Related,Perpendicular,Straight,No Defects,Not Divided,County Route,Undisclosed
3,Montgomery,Injury Crash,2025-05-27 15:20:00,1,Driver,Front To Front,Rain,Daylight,Not Suspected,Motor Vehicle In Transport,39.01902633,-77.01557783,No,Level,Wet,Other,Intersection Or Related,Perpendicular,Straight,No Defects,Not Divided,County Route,Lanark Way
4,Montgomery,Property Damage Crash,2025-05-27 13:35:00,1,Driver,Single Vehicle,Rain,Daylight,Not Suspected,Curb,39.12199983,-77.115599,No,Level,Wet,No/Unknown/Miscellaneous Control,Non-Junction,Non-Intersection,Straight,No Defects,"Divided, Depressed Median",County Route,Avery Rd
6,Montgomery,Injury Crash,2025-05-27 08:41:00,"2, 3",Driver,Angle,Clear,Daylight,Not Suspected,Motor Vehicle In Transport,39.0012327,-77.12319255,No,"Level, Uphill",Dry,Other,Intersection Or Related,Angled/Skewed,Straight,No Defects,"Divided, Flush Median (Greater Than 4Ft Wide), Not Divided",County Route,Ewing Dr
7,Montgomery,Property Damage Crash,2025-05-27 07:53:00,4,Unknown,Front To Rear,Cloudy,Daylight,Not Suspected,Motor Vehicle In Transport,39.04497833,-77.111125,No,Uphill,Dry,Traffic Signals,Non-Junction,Non-Intersection,Curve Left,No Defects,"Divided, Raised Median (Curbed)",County Route,Nicholson La
8,Montgomery,Property Damage Crash,2025-05-26 20:54:00,1,Unknown,Angle,Clear,Dark - Lighted,Unknown,Motor Vehicle In Transport,38.99647767,-77.07557522,Unknown,Level,Dry,No/Unknown/Miscellaneous Control,Through Roadway,Non-Intersection,Straight,No Defects,"Divided, Flush Median (Greater Than 4Ft Wide)",County Route,Manor Rd
9,Montgomery,Property Damage Crash,2025-05-26 20:28:00,6,Unknown,"Sideswipe, Same Direction",Clear,Daylight,Unknown,Motor Vehicle In Transport,39.01916385,-76.97615208,Unknown,Level,Dry,No/Unknown/Miscellaneous Control,Non-Junction,Non-Intersection,Straight,No Defects,"Divided, Raised Median (Curbed)",Interstate (State),Capital Beltway (Wb/L)
10,Montgomery,Property Damage Crash,2025-05-26 17:30:00,7,Unknown,Angle,Clear,Daylight,Not Suspected,Motor Vehicle In Transport,39.00524378,-77.02287108,No,Level,Dry,Traffic Signals,Intersection Or Related,Perpendicular,Straight,No Defects,Not Divided,Us (State),Undisclosed
11,Montgomery,Injury Crash,2025-05-26 17:00:00,"2, 3",Driver,Angle,Clear,Daylight,Not Suspected,Motor Vehicle In Transport,39.15551,-77.16704033,No,"Downhill, Level",Dry,Other,Driveway Access Or Related,Non-Intersection,Straight,No Defects,"Divided, Raised Median (Curbed), Not Divided",Maryland (State) Route,Undisclosed
12,Montgomery,Injury Crash,2025-05-26 16:34:00,5,Driver,Front To Rear,Clear,Daylight,Not Suspected,Motor Vehicle In Transport,39.050199,-77.1146865,No,Level,Dry,Traffic Signals,Non-Junction,Non-Intersection,Straight,No Defects,"Divided, Raised Median (Curbed)",Maryland (State) Route,Rockville Pike (Sb/L)
13,Takoma,Property Damage Crash,2025-05-26 16:01:00,2,Unknown,"Sideswipe, Same Direction",Clear,Daylight,Unknown,Motor Vehicle In Transport,38.98102035,-76.98842362,Unknown,Level,Dry,No/Unknown/Miscellaneous Control,Non-Junction,Non-Intersection,Straight,No Defects,Not Divided,Municipality Route,Thirteenth Ave
14,Rockville,Property Damage Crash,2025-05-26 15:33:00,2,Unknown,Single Vehicle,Clear,Daylight,Not Suspected,Curb,39.07938797,-77.18363261,No,Level,Dry,No/Unknown/Miscellaneous Control,Through Roadway,Non-Intersection,Straight,No Defects,Not Divided,Municipality Route,Wootton Pkwy
15,Montgomery,Property Damage Crash,2025-05-26 12:10:00,2,Driver,Single Vehicle,Clear,Daylight,Not Suspected,Curb,39.13363346,-77.20622462,No,Level,Dry,No/Unknown/Miscellaneous Control,Intersection Or Related,Perpendicular,Straight,No Defects,"Divided, Depressed Median",County Route,Muddy Branch Rd (Sb/L)
17,Montgomery,Injury Crash,2025-05-25 15:50:00,2,Unknown,"Sideswipe, Same Direction",Clear,Daylight,Not Suspected,Motor Vehicle In Transport,38.96247986,-77.1355961,No,Uphill,Dry,Signs,Entrance/Exit Ramp Or Related,Non-Intersection,Straight,No Defects,Not Divided,Government Route,Clara Barton Pkwy (Nb/L)
18,Montgomery,Property Damage Crash,2025-05-25 15:50:00,3,Driver,Front To Rear,Clear,Daylight,Not Suspected,Motor Vehicle In Transport,38.9879799,-77.07722579,No,Level,Dry,Traffic Signals,Non-Junction,Non-Intersection,Straight,No Defects,"Divided, Flush Median (Greater Than 4Ft Wide)",Maryland (State) Route,Connecticut Ave (Sb/L)
19,Gaithersburg,Property Damage Crash,2025-05-25 11:20:00,2,Driver,Single Vehicle,Clear,Daylight,Not Suspected,"Other Fixed Object (Wall, Building, Tunnel, Etc.)",39.14288957,-77.20050527,No,Level,Dry,No/Unknown/Miscellaneous Control,Through Roadway,Non-Intersection,Straight,No Defects,Not Divided,Maryland (State) Route,Frederick Rd (Sb/L)
20,Rockville,Property Damage Crash,2025-05-25 11:17:00,1,Driver,Front To Rear,Clear,Daylight,Not Suspected,Parked Vehicle,39.08625507,-77.1510079,No,Level,Dry,No/Unknown/Miscellaneous Control,Non-Junction,Non-Intersection,Straight,No Defects,Not Divided,Municipality Route,Maryland Ave
21,Montgomery,Property Damage Crash,2025-05-25 10:01:00,3,Unknown,Single Vehicle,Clear,Daylight,Unknown,Curb,38.99684579,-77.09672828,Yes,Level,Dry,No/Unknown/Miscellaneous Control,Non-Junction,Non-Intersection,Straight,No Defects,"Divided, Raised Median (Curbed)",Bicycle Route,Undisclosed
22,Montgomery,Property Damage Crash,2025-05-25 03:44:00,2,Driver,Single Vehicle,Clear,Dark - Lighted,Not Suspected,Embankment,38.99285693,-76.9912531,No,Level,Dry,No/Unknown/Miscellaneous Control,Intersection Or Related,Perpendicular,Straight,Other,"Divided, Raised Median (Curbed)",County Route,Merrimac Dr
23,Montgomery,Property Damage Crash,2025-05-24 23:14:00,1,Driver,Single Vehicle,Clear,Dark - Lighted,Not Suspected,Utility Pole/Light Support,39.03258654,-77.02754455,No,Level,Dry,No/Unknown/Miscellaneous Control,Through Roadway,Non-Intersection,Straight,No Defects,Not Divided,County Route,Gabel St
24,Montgomery,Property Damage Crash,2025-05-24 23:12:00,2,Driver,Angle,Clear,Dark - Lighted,Not Suspected,Motor Vehicle In Transport,39.05101131,-77.05269087,No,Level,Dry,Other,Non-Junction,Non-Intersection,Straight,No Defects,Not Divided,County Route,Grandview Ave
26,Montgomery,Property Damage Crash,2025-05-24 22:24:00,6,Driver,Front To Rear,Clear,Dark - Lighted,Not Suspected,Motor Vehicle In Transport,39.17859988,-77.26760341,No,Level,Dry,Traffic Signals,Intersection Or Related,Perpendicular,Straight,No Defects,"Divided, Raised Median (Curbed)",County Route,Middlebrook Rd
27,Gaithersburg,Property Damage Crash,2025-05-24 20:06:00,2,Driver,Front To Rear,Clear,Daylight,Not Suspected,Parked Vehicle,39.1266196,-77.18058005,No,Level,Dry,No/Unknown/Miscellaneous Control,Non-Junction,Non-Intersection,Curve Right,No Defects,Not Divided,Municipality Route,Skidmore Blvd
28,Takoma,Injury Crash,2025-05-24 19:59:00,1,Nonmotorist,Single Vehicle,Clear,Daylight,Not Suspected,Pedalcycle,38.98479604,-76.99852955,No,Level,Dry,Traffic Signals,Intersection Or Related,Perpendicular,Straight,No Defects,Not Divided,Maryland (State) Route,Carroll Ave
29,Montgomery,Injury Crash,2025-05-24 19:22:00,3,Driver,Angle,Clear,Daylight,Not Suspected,Motor Vehicle In Transport,39.02441237,-76.97953104,No,Level,Dry,No/Unknown/Miscellaneous Control,Non-Junction,Non-Intersection,Straight,No Defects,Not Divided,County Route,Overlook Dr
30,Montgomery,Injury Crash,2025-05-24 18:07:00,4,Driver,Angle,Clear,Daylight,Not Suspected,Motor Vehicle In Transport,39.11252933,-77.16173133,No,Level,Dry,Traffic Signals,Intersection Or Related,Perpendicular,Straight,No Defects,"Divided, Raised Median (Curbed)",Maryland (State) Route,Frederick Rd
32,Montgomery,Property Damage Crash,2025-05-24 16:38:00,3,Driver,Front To Rear,Clear,Daylight,Not Suspected,Motor Vehicle In Transport,39.02126197,-77.04481156,No,Level,Dry,Traffic Signals,Non-Junction,Non-Intersection,Straight,No Defects,"Divided, Raised Median (Curbed)",Maryland (State) Route,Georgia Ave (Sb/L)
33,Montgomery,Injury Crash,2025-05-24 16:32:00,3,Driver,Front To Front,Clear,Daylight,Not Suspected,Motor Vehicle In Transport,39.13309943,-77.24490453,No,Level,Dry,Traffic Signals,Non-Junction,Non-Intersection,Straight,No Defects,Not Divided,Maryland (State) Route,Great Seneca Hwy (Sb/L)
34,Montgomery,Injury Crash,2025-05-24 16:05:00,2,Driver,Angle,Clear,Daylight,Not Suspected,Motor Vehicle In Transport,39.01979003,-77.13437365,No,Level,Dry,Other,Intersection Or Related,Perpendicular,Straight,No Defects,Not Divided,County Route,Fernwood Rd
35,Montgomery,Property Damage Crash,2025-05-24 15:31:00,"1, 2",Driver,Angle,Clear,Daylight,Not Suspected,Motor Vehicle In Transport,39.15728317,-77.16325516,No,"Downhill, Level",Dry,Other,Driveway Access Or Related,Non-Intersection,Straight,No Defects,Not Divided,Maryland (State) Route,Undisclosed
36,Montgomery,Property Damage Crash,2025-05-24 15:29:00,6,Driver,"Sideswipe, Same Direction",Clear,Daylight,Not Suspected,Motor Vehicle In Transport,39.03930335,-76.99027178,No,Level,Dry,Traffic Signals,Through Roadway,Non-Intersection,Straight,No Defects,"Divided, Raised Median (Curbed)",Maryland (State) Route,New Hampshire Ave
37,Rockville,Property Damage Crash,2025-05-24 14:57:00,1,Driver,"Sideswipe, Same Direction",Clear,Daylight,Unknown,Parked Vehicle,39.09578265,-77.13526321,Unknown,Level,Dry,No/Unknown/Miscellaneous Control,Non-Junction,Non-Intersection,Curve Left,No Defects,Not Divided,Municipality Route,First St
38,Montgomery,Property Damage Crash,2025-05-24 14:22:00,3,Driver,Front To Rear,Clear,Daylight,Not Suspected,Motor Vehicle In Transport,39.20878149,-77.24077055,No,Level,Dry,No/Unknown/Miscellaneous Control,Non-Junction,Non-Intersection,Straight,No Defects,"Divided, Raised Median (Curbed)",Maryland (State) Route,Ridge Rd (Sb/L)
39,Montgomery,Property Damage Crash,2025-05-24 13:34:00,4,Unknown,Angle,Clear,Daylight,Not Suspected,Motor Vehicle In Transport,39.00563533,-77.07823853,No,Level,Dry,No/Unknown/Miscellaneous Control,Non-Junction,Non-Intersection,Straight,No Defects,"Divided, Raised Median (Curbed)",Maryland (State) Route,Connecticut Ave (Sb/L)
40,Gaithersburg,Property Damage Crash,2025-05-24 12:39:00,3,Unknown,Angle,Clear,Daylight,Not Suspected,Motor Vehicle In Transport,39.12802331,-77.18512218,No,Level,Dry,No/Unknown/Miscellaneous Control,Intersection Or Related,Perpendicular,Straight,No Defects,"Divided, Raised Median (Curbed)",Maryland (State) Route,S Frederick Rd
43,Rockville,Injury Crash,2025-05-24 09:50:00,3,Driver,Angle,Clear,Daylight,Not Suspected,Motor Vehicle In Transport,39.06186708,-77.12414048,No,Level,Dry,Traffic Signals,Intersection Or Related,Angled/Skewed,Straight,No Defects,"Divided, Raised Median (Curbed)",Municipality Route,Halpine Rd (Eb/L)
44,Rockville,Injury Crash,2025-05-24 08:29:00,"0, 1",Driver,Angle,Clear,Daylight,Not Suspected,Motor Vehicle In Transport,39.07507061,-77.13394917,No,Level,Dry,No/Unknown/Miscellaneous Control,Non-Junction,Non-Intersection,Straight,No Defects,Not Divided,Municipality Route,Edmonston Dr
45,Gaithersburg,Injury Crash,2025-05-24 07:20:00,2,Unknown,Front To Front,Clear,Daylight,Not Suspected,Motor Vehicle In Transport,39.14040917,-77.20665467,Unknown,Level,Dry,No/Unknown/Miscellaneous Control,Non-Junction,Non-Intersection,Straight,No Defects,Not Divided,Maryland (State) Route,W Diamond Ave
46,Montgomery,Property Damage Crash,2025-05-24 05:45:00,4,Unknown,Single Vehicle,Clear,Dark - Unknown Lighting,Not Suspected,Animal (Live),39.09060235,-77.17508773,No,Level,Dry,No/Unknown/Miscellaneous Control,Non-Junction,Non-Intersection,Straight,No Defects,"Divided, Raised Median (Curbed)",Interstate (State),Eisenhower Memorial Hwy (Sb/L)
47,Gaithersburg,Property Damage Crash,2025-05-24 02:50:00,"4, 5",Unknown,Rear To Side,Clear,Dark - Lighted,Not Suspected,Motor Vehicle In Transport,39.14262159,-77.22088472,No,"Level, Uphill",Dry,Traffic Signals,Intersection Or Related,Perpendicular,Straight,No Defects,"Divided, Flush Median (Greater Than 4Ft Wide), Divided, Raised Median (Curbed)",Maryland (State) Route,Quince Orchard Rd
48,Takoma,Property Damage Crash,2025-05-24 00:26:00,3,Unknown,Front To Rear,Clear,Dark - Lighted,Unknown,Motor Vehicle In Transport,38.98152812,-76.98886423,Unknown,Uphill,Dry,Traffic Signals,Acceleration/Deceleration Lane,Non-Intersection,Straight,No Defects,"Divided, Depressed Median",Municipality Route,Erskine St
49,Gaithersburg,Injury Crash,2025-05-23 23:35:00,"4, 5",Driver,Angle,Clear,Dark - Lighted,Not Suspected,Motor Vehicle In Transport,39.12256598,-77.17747972,No,Level,Dry,Traffic Signals,Intersection Or Related,Perpendicular,Straight,No Defects,"Divided, Flush Median (Greater Than 4Ft Wide)",County Route,Shady Grove Rd
51,Montgomery,Property Damage Crash,2025-05-23 22:16:00,1,Driver,"Sideswipe, Same Direction",Clear,Dark - Lighted,Alcohol,Parked Vehicle,39.09528613,-77.09263868,No,Level,Dry,No/Unknown/Miscellaneous Control,Non-Junction,Non-Intersection,Straight,No Defects,Not Divided,County Route,Undisclosed
52,Montgomery,Property Damage Crash,2025-05-23 22:05:00,1,Driver,Angle,Clear,Dark - Lighted,Not Suspected,Motor Vehicle In Transport,39.01569567,-77.0426525,No,Level,Dry,Traffic Signals,Intersection Or Related,Perpendicular,Straight,No Defects,"Divided, Raised Median (Curbed)",County Route,Forest Glen Rd (Wb/L)
53,Gaithersburg,Property Damage Crash,2025-05-23 20:50:00,8,Driver,Angle,Clear,Dark - Lighted,Not Suspected,Motor Vehicle In Transport,39.14059071,-77.19366097,No,Level,Dry,Other,Intersection Or Related,Perpendicular,Straight,No Defects,"Not Divided, With A Continuous Left-Turn Lane",Municipality Route,S Summit Ave
54,Montgomery,Injury Crash,2025-05-23 20:10:00,"2, 4",Unknown,Front To Front,Clear,Dusk,Not Suspected,Motor Vehicle In Transport,39.01560658,-77.04276797,No,Level,Dry,Traffic Signals,Non-Junction,Non-Intersection,Straight,No Defects,"Divided, Raised Median (Curbed), Not Divided",Maryland (State) Route,Georgia Ave (Sb/L)
56,Montgomery,Property Damage Crash,2025-05-23 19:47:00,2,Driver,"Sideswipe, Same Direction",Clear,Dusk,Not Suspected,Motor Vehicle In Transport,38.98370109,-77.0936903,No,Level,Dry,Traffic Signals,Intersection Or Related,Perpendicular,Curve Left,No Defects,Not Divided,Maryland (State) Route,Wisconsin Ave
57,Montgomery,Injury Crash,2025-05-23 19:05:00,1,Nonmotorist,Single Vehicle,Clear,Daylight,Not Suspected,Pedalcycle,39.22833993,-77.2501832,No,Level,Dry,Traffic Signals,Intersection Or Related,Angled/Skewed,Straight,No Defects,Not Divided,County Route,Newcut Rd
58,Montgomery,Property Damage Crash,2025-05-23 18:40:00,3,Unknown,"Sideswipe, Same Direction",Clear,Daylight,Unknown,Motor Vehicle In Transport,39.14129395,-77.15241252,Unknown,Level,Dry,No/Unknown/Miscellaneous Control,Non-Junction,Non-Intersection,Straight,No Defects,"Divided, Flush Median (Greater Than 4Ft Wide)",County Route,Shady Grove Rd (Sb/L)
59,Montgomery,Injury Crash,2025-05-23 17:56:00,4,Driver,Other,Clear,Daylight,Not Suspected,Motor Vehicle In Transport,39.05345098,-77.10727323,No,Level,Dry,No/Unknown/Miscellaneous Control,Driveway Access Or Related,Non-Intersection,Straight,No Defects,"Not Divided, Not Divided, With A Continuous Left-Turn Lane",County Route,Randolph Rd
61,Montgomery,Property Damage Crash,2025-05-23 15:58:00,3,Driver,Front To Rear,Clear,Daylight,Not Suspected,Motor Vehicle In Transport,39.01625859,-76.97738276,No,Level,Dry,Human/Pedestrian Control,Entrance/Exit Ramp Or Related,Non-Intersection,Straight,No Defects,"Divided, Raised Median (Curbed)",Ramp,Ramp 4 Fr Md 650 Nb To Is 495 Eb
62,Montgomery,Property Damage Crash,2025-05-23 15:14:00,2,Driver,"Sideswipe, Same Direction",Clear,Daylight,Not Suspected,Motor Vehicle In Transport,39.00678511,-76.98043415,No,Downhill,Dry,Traffic Signals,Non-Junction,Non-Intersection,Straight,No Defects,"Divided, Raised Median (Curbed)",County Route,Northampton Dr
65,Montgomery,Injury Crash,2025-05-23 13:29:00,2,Unknown,Angle,Clear,Daylight,Not Suspected,Motor Vehicle In Transport,39.06076341,-77.28229135,No,Level,Dry,Other,Intersection Or Related,Perpendicular,Straight,No Defects,"Divided, Flush Median (Greater Than 4Ft Wide)",County Route,Travilah Rd
66,Montgomery,Injury Crash,2025-05-23 12:31:00,5,Driver,Angle,Cloudy,Daylight,Not Suspected,Motor Vehicle In Transport,39.03458199,-77.12485833,No,Level,Dry,Traffic Signals,Intersection Or Related,Perpendicular,Straight,No Defects,"Divided, Raised Median (Curbed)",County Route,Tuckerman La
67,Montgomery,Property Damage Crash,2025-05-23 11:00:00,2,Unknown,Angle,Clear,Daylight,Not Suspected,Motor Vehicle In Transport,38.95572517,-77.10553533,No,Level,Dry,Traffic Signals,Intersection Or Related,Perpendicular,Straight,No Defects,Not Divided,Maryland (State) Route,Massachusetts Ave (Wb/L)
68,Gaithersburg,Property Damage Crash,2025-05-22 21:49:00,3,Driver,Angle,Clear,Dark - Lighted,Not Suspected,Motor Vehicle In Transport,39.14490683,-77.2027935,No,Level,Dry,Other,Intersection Or Related,Perpendicular,Straight,No Defects,Not Divided,Municipality Route,Maryland Ave
69,Montgomery,Property Damage Crash,2025-05-22 21:25:00,3,Driver,Angle,Clear,Dark - Lighted,Not Suspected,Motor Vehicle In Transport,38.9912538,-77.02671866,No,Level,Dry,No/Unknown/Miscellaneous Control,Non-Junction,Non-Intersection,Straight,No Defects,"Divided, Raised Median (Curbed)",Us (State),Georgia Ave (Sb/L)
70,Montgomery,Injury Crash,2025-05-22 20:38:00,3,Unknown,Single Vehicle,Rain,Daylight,Not Suspected,Pedestrian,39.04090039,-77.15924,No,Level,Wet,Traffic Signals,Intersection Or Related,Angled/Skewed,Straight,No Defects,"Divided, Raised Median (Curbed)",County Route,Seven Locks Rd
71,Gaithersburg,Injury Crash,2025-05-22 18:55:00,2,Unknown,Angle,Clear,Daylight,Unknown,Motor Vehicle In Transport,39.11706984,-77.20107512,Unknown,Level,Dry,No/Unknown/Miscellaneous Control,Non-Junction,Non-Intersection,Straight,No Defects,Not Divided,Local Route,Rio Blvd
72,Montgomery,Property Damage Crash,2025-05-22 18:31:00,2,Unknown,Single Vehicle,Clear,Daylight,Not Suspected,Curb,39.10654636,-77.15234667,No,Level,Dry,Traffic Signals,Acceleration/Deceleration Lane,Non-Intersection,Straight,No Defects,"Divided, Raised Median (Curbed)",County Route,Crabbs Branch Way (Nb/L)
73,Montgomery,Injury Crash,2025-05-22 18:17:00,3,Driver,Front To Rear,Clear,Daylight,Not Suspected,Motor Vehicle In Transport,39.13824452,-77.15354933,No,Level,Dry,Traffic Signals,Intersection Or Related,Perpendicular,Straight,No Defects,"Divided, Raised Median (Curbed)",County Route,Shady Grove Rd
74,Montgomery,Property Damage Crash,2025-05-22 17:20:00,3,Driver,Front To Rear,Rain,Daylight,Unknown,Motor Vehicle In Transport,39.03986399,-76.99081125,Unknown,Level,Wet,Traffic Signals,Non-Junction,Non-Intersection,Straight,No Defects,"Divided, Raised Median (Curbed)",Maryland (State) Route,New Hampshire Ave (Sb/L)
75,Montgomery,Property Damage Crash,2025-05-22 16:49:00,3,Driver,Front To Rear,Rain,Daylight,Not Suspected,Motor Vehicle In Transport,39.02325892,-77.15642767,No,Level,Wet,No/Unknown/Miscellaneous Control,Non-Junction,Non-Intersection,Straight,No Defects,"Divided, Raised Median (Curbed)",County Route,Democracy Blvd
77,Montgomery,Injury Crash,2025-05-22 16:36:00,"23, 3",Driver,Front To Front,Clear,Daylight,Not Suspected,Motor Vehicle In Transport,39.16669117,-77.27070737,No,Level,Dry,Traffic Signals,Non-Junction,Non-Intersection,Straight,No Defects,Not Divided,County Route,Dawson Farm Rd
78,Gaithersburg,Property Damage Crash,2025-05-22 16:30:00,"1, 2",Driver,Rear To Side,Cloudy,Daylight,Not Suspected,Motor Vehicle In Transport,39.14958359,-77.20961843,No,"Level, Uphill",Dry,Other,Driveway Access Or Related,Non-Intersection,Straight,No Defects,"Divided, Raised Median (Curbed), Not Divided",Municipality Route,Perry Pkwy
80,Montgomery,Property Damage Crash,2025-05-22 15:42:00,"1, 2",Driver,Angle,Cloudy,Daylight,Not Suspected,Motor Vehicle In Transport,39.1849505,-77.17601633,No,Level,Dry,Other,Intersection Or Related,Perpendicular,Straight,No Defects,Not Divided,County Route,East Village Ave
81,Rockville,Property Damage Crash,2025-05-22 15:03:00,1,Driver,"Sideswipe, Same Direction",Clear,Daylight,Not Suspected,Parked Vehicle,39.10089365,-77.16513778,No,Level,Dry,No/Unknown/Miscellaneous Control,Non-Junction,Non-Intersection,Straight,No Defects,Not Divided,Municipality Route,Auburn Ave
82,Montgomery,Injury Crash,2025-05-22 14:03:00,4,Driver,Front To Rear,Cloudy,Daylight,Not Suspected,Motor Vehicle In Transport,39.03495716,-77.04931457,No,Level,Wet,No/Unknown/Miscellaneous Control,Through Roadway,Non-Intersection,Straight,No Defects,"Divided, Raised Median (Curbed)",Maryland (State) Route,Georgia Ave
83,Montgomery,Property Damage Crash,2025-05-22 13:06:00,1,Driver,Angle,Rain,Daylight,Not Suspected,Motor Vehicle In Transport,39.07633722,-77.22197928,No,Level,Wet,Other,Non-Junction,Non-Intersection,Straight,No Defects,Not Divided,County Route,Piney Meetinghouse Rd (Sb/L)
84,Montgomery,Property Damage Crash,2025-05-22 13:00:00,"2, 3",Driver,Angle,Clear,Daylight,Not Suspected,Motor Vehicle In Transport,39.18109,-77.26228,No,Level,Dry,Traffic Signals,Intersection Or Related,Perpendicular,Straight,No Defects,"Divided, Raised Median (Curbed), Not Divided",Maryland (State) Route,Germantown Rd
85,Montgomery,Property Damage Crash,2025-05-22 12:04:00,3,Driver,Front To Rear,Clear,Daylight,Not Suspected,Motor Vehicle In Transport,39.0257878,-76.98080538,No,Level,Wet,No/Unknown/Miscellaneous Control,Non-Junction,Non-Intersection,Straight,No Defects,"Divided, Raised Median (Curbed)",Maryland (State) Route,New Hampshire Ave (Sb/L)
86,Montgomery,Property Damage Crash,2025-05-22 11:29:00,2,Driver,"Sideswipe, Same Direction",Cloudy,Daylight,Not Suspected,Motor Vehicle In Transport,39.06995578,-77.16984434,No,Level,Wet,Traffic Signals,Intersection Or Related,Angled/Skewed,Straight,No Defects,"Divided, Raised Median (Curbed)",Bicycle Route,Undisclosed
88,Montgomery,Injury Crash,2025-05-22 09:57:00,1,Unknown,Front To Front,Rain,Daylight,Not Suspected,Motor Vehicle In Transport,39.12852874,-77.34314531,No,Level,Wet,No/Unknown/Miscellaneous Control,Intersection Or Related,Angled/Skewed,Straight,No Defects,Not Divided,Maryland (State) Route,Undisclosed
89,Montgomery,Injury Crash,2025-05-22 09:56:00,"1, 2",Driver,Front To Rear,Rain,Daylight,Not Suspected,Motor Vehicle In Transport,39.04748917,-77.10927767,No,Level,Wet,Signs,Intersection Or Related,Perpendicular,Straight,No Defects,Not Divided,County Route,Marinelli Rd
90,Montgomery,Property Damage Crash,2025-05-22 09:18:00,7,Unknown,Front To Rear,Rain,Daylight,Not Suspected,Motor Vehicle In Transport,39.10145033,-77.217381,No,Level,Wet,No/Unknown/Miscellaneous Control,Non-Junction,Non-Intersection,Straight,No Defects,"Divided, Raised Median (Curbed)",Maryland (State) Route,Darnestown Rd
91,Gaithersburg,Property Damage Crash,2025-05-22 09:00:00,5,Unknown,Rear To Side,Rain,Daylight,Not Suspected,Motor Vehicle In Transport,39.159212,-77.21904083,No,Level,Wet,Traffic Signals,Acceleration/Deceleration Lane,Non-Intersection,Straight,No Defects,Not Divided,Maryland (State) Route,Frederick Rd
92,Rockville,Injury Crash,2025-05-22 08:40:00,6,Driver,Front To Rear,Rain,Daylight,Not Suspected,Motor Vehicle In Transport,39.09085916,-77.17916259,No,Level,Wet,Traffic Signals,Non-Junction,Non-Intersection,Straight,No Defects,Not Divided,Maryland (State) Route,W Montgomery Ave (Wb/L)
94,Montgomery,Property Damage Crash,2025-05-22 07:49:00,1,Driver,Other,Rain,Daylight,Not Suspected,Motor Vehicle In Transport,39.2524235,-77.13914367,No,Level,Wet,Other,Intersection Or Related,Angled/Skewed,Straight,No Defects,Not Divided,Maryland (State) Route,Undisclosed
95,Montgomery,Property Damage Crash,2025-05-22 07:45:00,2,Driver,Front To Rear,Rain,Daylight,Not Suspected,Motor Vehicle In Transport,38.96344533,-77.10180267,No,Level,Wet,No/Unknown/Miscellaneous Control,Intersection Or Related,Perpendicular,Straight,No Defects,Not Divided,Other Public Roadway,Butler Rd