,agency_name,acrs_report_type,crash_date_time,number_of_lanes,at_fault,collision_type,weather,light,driver_substance_abuse,first_harmful_event,latitude,longitude,hit_run,road_grade,surface_condition,traffic_control,junction,intersection_type,road_alignment,road_condition,road_division,route_type,road_name
96,Montgomery,Injury Crash,2025-05-22 05:25:00,"3, 4",Driver,Other,Rain,Dark - Lighted,Not Suspected,Motor Vehicle In Transport,39.17687467,-77.27002638,No,Level,Wet,Traffic Signals,Intersection Or Related,Perpendicular,Straight,No Defects,"Divided, Raised Median (Curbed), Not Divided",County Route,Wisteria Dr
97,Montgomery,Injury Crash,2025-05-21 20:27:00,2,Driver,Angle,Rain,Dark - Lighted,Not Suspected,Motor Vehicle In Transport,39.18166167,-77.23191333,No,Level,Wet,Other,Non-Junction,Non-Intersection,Straight,No Defects,Not Divided,County Route,Middlebrook Rd (Wb/L)
99,Montgomery,Property Damage Crash,2025-05-21 19:33:00,1,Driver,Single Vehicle,Rain,Daylight,Not Suspected,"Other Post, Pole, Or Support",38.99705078,-77.02203676,No,Level,Wet,No/Unknown/Miscellaneous Control,Non-Junction,Non-Intersection,Straight,Holes Ruts Etc,"Divided, Raised Median (Curbed)",Maryland (State) Route,Wayne Ave
100,Montgomery,Injury Crash,2025-05-21 17:35:00,3,Unknown,Front To Rear,Cloudy,Daylight,Not Suspected,Motor Vehicle In Transport,39.01359983,-77.13097083,No,Level,Wet,No/Unknown/Miscellaneous Control,Non-Junction,Non-Intersection,Curve Left,No Defects,"Divided, Raised Median (Curbed)",Interstate (State),Capital Beltway (Wb/L)
101,Montgomery,Injury Crash,2025-05-21 16:53:00,3,Driver,Angle,Rain,Daylight,Not Suspected,Motor Vehicle In Transport,39.17513941,-77.25739738,No,Uphill,Wet,No/Unknown/Miscellaneous Control,Crossover-Related,Non-Intersection,Straight,No Defects,"Divided, Raised Median (Curbed)",County Route,Ridgecrest Dr
102,Rockville,Property Damage Crash,2025-05-21 16:43:00,"0, 3",Driver,Front To Rear,Rain,Daylight,Not Suspected,Motor Vehicle In Transport,39.08697239,-77.14976117,No,Level,Wet,Other,Non-Junction,Non-Intersection,Straight,No Defects,Not Divided,Maryland (State) Route,Hungerford Dr (Sb/L)
104,Montgomery,Property Damage Crash,2025-05-21 16:21:00,3,Unknown,Front To Front,Rain,Daylight,Not Suspected,Motor Vehicle In Transport,39.05942131,-77.05029422,No,Level,Wet,No/Unknown/Miscellaneous Control,Driveway Access Or Related,Non-Intersection,Straight,No Defects,"Divided, Flush Median (Greater Than 4Ft Wide)",Local Route,Glenmont Shopping Ctr Cut Thru Cut
105,Montgomery,Property Damage Crash,2025-05-21 16:00:00,4,Unknown,"Sideswipe, Same Direction",Rain,Daylight,Not Suspected,Motor Vehicle In Transport,39.00590454,-77.07351059,No,Level,Wet,No/Unknown/Miscellaneous Control,Non-Junction,Non-Intersection,Straight,No Defects,"Divided, Raised Median (Curbed)",Interstate (State),Capital Beltway
106,Montgomery,Injury Crash,2025-05-21 16:00:00,5,Driver,Front To Rear,Rain,Daylight,Not Suspected,Motor Vehicle In Transport,39.21022421,-77.23963283,No,Uphill,Wet,Traffic Signals,Acceleration/Deceleration Lane,Non-Intersection,Straight,No Defects,"Divided, Raised Median (Curbed)",County Route,Brink Rd (Wb/L)
107,Montgomery,Property Damage Crash,2025-05-21 15:06:00,3,Driver,Front To Rear,Rain,Daylight,Not Suspected,Motor Vehicle In Transport,39.01119134,-77.01715702,No,Level,Wet,No/Unknown/Miscellaneous Control,Through Roadway,Non-Intersection,Straight,No Defects,"Divided, Raised Median (Curbed)",Us (State),Colesville Rd
108,Montgomery,Property Damage Crash,2025-05-21 14:49:00,"1, 2",Unknown,Angle,Clear,Daylight,Unknown,Motor Vehicle In Transport,39.16124639,-77.25072174,Unknown,"Level, Uphill",Wet,Other,Intersection Or Related,Perpendicular,Straight,No Defects,Not Divided,Private Route,Undisclosed
109,Montgomery,Injury Crash,2025-05-21 14:10:00,3,Driver,Angle,Cloudy,Daylight,Not Suspected,Motor Vehicle In Transport,39.18009832,-77.2686115,No,"Downhill, Uphill",Dry,Traffic Signals,Intersection Or Related,Perpendicular,Straight,No Defects,"Divided, Raised Median (Curbed)",County Route,Middlebrook Rd (Wb/L)
112,Montgomery,Property Damage Crash,2025-05-21 13:42:00,2,Driver,Angle,Cloudy,Daylight,Not Suspected,Motor Vehicle In Transport,39.03873465,-77.23470663,No,"Downhill, Uphill",Wet,No/Unknown/Miscellaneous Control,Non-Junction,Non-Intersection,Straight,No Defects,"Divided, Flush Median (Greater Than 4Ft Wide)",County Route,Piney Meetinghouse Rd
113,Gaithersburg,Injury Crash,2025-05-21 10:30:00,0,Unknown,Single Vehicle,Rain,Daylight,Not Suspected,Pedestrian,39.15672888,-77.21458782,No,Level,Wet,No/Unknown/Miscellaneous Control,Driveway Access Or Related,Non-Intersection,Straight,No Defects,Not Divided,Municipality Route,Christopher Ave
114,Montgomery,Property Damage Crash,2025-05-21 10:05:00,2,Driver,Front To Rear,Rain,Daylight,Not Suspected,Motor Vehicle In Transport,39.05319317,-77.07712625,No,Level,Wet,No/Unknown/Miscellaneous Control,Non-Junction,Non-Intersection,Straight,No Defects,"Divided, Raised Median (Curbed)",Maryland (State) Route,Veirs Mill Rd (Wb/L)
115,Montgomery,Injury Crash,2025-05-21 08:28:00,"1, 2",Driver,Rear To Side,Rain,Daylight,Not Suspected,Motor Vehicle In Transport,38.98832867,-77.075006,No,Level,Wet,Other,Intersection Or Related,Perpendicular,Straight,No Defects,Not Divided,Maryland (State) Route,East West Hwy
116,Montgomery,Property Damage Crash,2025-05-21 07:50:00,"3, 4",Driver,Angle,Rain,Daylight,Not Suspected,Motor Vehicle In Transport,39.06613277,-77.03442611,No,Level,Wet,Traffic Signals,Intersection Or Related,Perpendicular,Straight,No Defects,"Divided, Raised Median (Curbed)",County Route,Randolph Rd
117,Montgomery,Property Damage Crash,2025-05-21 05:37:00,2,Unknown,Rear To Side,Rain,Daylight,Unknown,Motor Vehicle In Transport,38.98788828,-77.02333052,Unknown,Level,Wet,No/Unknown/Miscellaneous Control,Non-Junction,Non-Intersection,Straight,No Defects,Not Divided,Maryland (State) Route,Philadelphia Ave (Wb/L)
118,Montgomery,Property Damage Crash,2025-05-21 03:10:00,"0, 1",Driver,Front To Front,Rain,Dark - Lighted,Not Suspected,Motor Vehicle In Transport,39.09415083,-77.08941767,No,"Downhill, Uphill",Wet,Other,Non-Junction,Non-Intersection,Straight,No Defects,Not Divided,County Route,Undisclosed
119,Rockville,Injury Crash,2025-05-20 23:24:00,1,Unknown,Front To Rear,Clear,Dark - Lighted,Unknown,Parked Vehicle,39.0887569,-77.1361305,Unknown,Level,Dry,No/Unknown/Miscellaneous Control,Through Roadway,Non-Intersection,Straight,No Defects,Not Divided,Municipality Route,First St
120,Montgomery,Injury Crash,2025-05-20 22:05:00,"4, 5",Driver,Other,Clear,Dark - Lighted,Not Suspected,Motor Vehicle In Transport,39.06258738,-76.96252539,Unknown,"Level, Uphill",Dry,Other,Crossover-Related,Non-Intersection,Straight,No Defects,"Divided, Raised Median (Curbed)",Maryland (State) Route,Cherry Hill Rd (Nb/L)
121,Montgomery,Property Damage Crash,2025-05-20 20:46:00,2,Driver,Front To Rear,Clear,Dusk,Unknown,Motor Vehicle In Transport,39.06908983,-76.96171917,No,Level,Dry,No/Unknown/Miscellaneous Control,Non-Junction,Non-Intersection,Straight,No Defects,Not Divided,County Route,Undisclosed
122,Montgomery,Injury Crash,2025-05-20 19:33:00,2,Unknown,Single Vehicle,Clear,Daylight,Unknown,Pedestrian,39.06317325,-77.0544775,Unknown,Level,Dry,Traffic Signals,Non-Junction,Non-Intersection,Straight,No Defects,Not Divided,County Route,Glenallan Ave (Wb/L)
123,Montgomery,Property Damage Crash,2025-05-20 18:38:00,3,Unknown,Other,Clear,Daylight,Unknown,Motor Vehicle In Transport,39.04821966,-77.10180663,Unknown,Downhill,Dry,No/Unknown/Miscellaneous Control,Driveway Access Or Related,Non-Intersection,Curve Left,No Defects,"Divided, Flush Median (Greater Than 4Ft Wide)",County Route,Nicholson La
124,Montgomery,Property Damage Crash,2025-05-20 17:39:00,2,Unknown,Single Vehicle,Clear,Daylight,Not Suspected,Curb,39.09198144,-77.20864335,No,Level,Dry,Signs,Acceleration/Deceleration Lane,Non-Intersection,Curve Left,No Defects,"Divided, Raised Median (Curbed)",County Route,Molecular Dr
125,Montgomery,Injury Crash,2025-05-20 16:50:00,4,Driver,Front To Rear,Clear,Daylight,Not Suspected,Motor Vehicle In Transport,39.12889934,-77.16710169,No,Level,Dry,Traffic Signals,Non-Junction,Non-Intersection,Straight,No Defects,"Divided, Raised Median (Curbed)",County Route,Shady Grove Rd (Sb/L)
126,Montgomery,Property Damage Crash,2025-05-20 16:44:00,2,Driver,Front To Rear,Clear,Daylight,Not Suspected,Motor Vehicle In Transport,39.10491733,-77.12166967,No,Uphill,Dry,No/Unknown/Miscellaneous Control,Non-Junction,Non-Intersection,Straight,No Defects,Not Divided,County Route,Avery Rd
127,Montgomery,Property Damage Crash,2025-05-20 16:36:00,"3, 4",Driver,Angle,Clear,Daylight,Not Suspected,Motor Vehicle In Transport,38.99238217,-77.16160183,No,Level,Dry,Traffic Signals,Intersection Or Related,Angled/Skewed,Straight,No Defects,"Divided, Raised Median (Curbed)",Maryland (State) Route,River Rd
128,Montgomery,Injury Crash,2025-05-20 16:13:00,1,Driver,Angle,Clear,Daylight,Not Suspected,Motor Vehicle In Transport,39.07734855,-77.0728073,No,Level,Dry,No/Unknown/Miscellaneous Control,Non-Junction,Non-Intersection,Straight,No Defects,Not Divided,County Route,Loyola St
129,Montgomery,Property Damage Crash,2025-05-20 16:09:00,3,Driver,"Sideswipe, Same Direction",Clear,Daylight,Unknown,Motor Vehicle In Transport,39.02580501,-77.02011874,Unknown,Level,Dry,No/Unknown/Miscellaneous Control,Non-Junction,Non-Intersection,Straight,No Defects,"Divided, Raised Median (Curbed)",Maryland (State) Route,University Blvd W
130,Montgomery,Property Damage Crash,2025-05-20 16:00:00,8,Driver,Front To Rear,Clear,Daylight,Not Suspected,Motor Vehicle In Transport,39.18186833,-77.26056667,No,Level,Dry,Traffic Signals,Non-Junction,Non-Intersection,Straight,No Defects,"Divided, Raised Median (Curbed)",Maryland (State) Route,Germantown Rd (Sb/L)
131,Gaithersburg,Injury Crash,2025-05-20 15:20:00,3,Unknown,Front To Front,Cloudy,Daylight,Not Suspected,Motor Vehicle In Transport,39.1482869,-77.23758292,No,Downhill,Dry,No/Unknown/Miscellaneous Control,Through Roadway,Non-Intersection,Straight,No Defects,Not Divided,Maryland (State) Route,Clopper Rd
132,Montgomery,Property Damage Crash,2025-05-20 15:00:00,2,Unknown,Rear To Side,Clear,Daylight,Unknown,Motor Vehicle In Transport,39.01332417,-77.00403256,Unknown,Level,Dry,No/Unknown/Miscellaneous Control,Non-Junction,Non-Intersection,Straight,No Defects,Not Divided,County Route,Indian Spring Dr
134,Montgomery,Property Damage Crash,2025-05-20 14:07:00,4,Driver,Angle,Clear,Daylight,Not Suspected,Motor Vehicle In Transport,39.15825367,-77.20442287,No,Level,Dry,Traffic Signals,Intersection Or Related,Perpendicular,Straight,No Defects,"Divided, Raised Median (Curbed)",County Route,Christopher Ave (Nb/L)
135,Montgomery,Injury Crash,2025-05-20 13:15:00,3,Driver,Front To Rear,Clear,Daylight,Not Suspected,Motor Vehicle In Transport,39.09554669,-76.93786648,No,Uphill,Dry,Traffic Signals,Intersection Or Related,Perpendicular,Straight,No Defects,"Divided, Flush Median (Greater Than 4Ft Wide)",County Route,Greencastle Rd
136,Takoma,Property Damage Crash,2025-05-20 12:35:00,3,Unknown,"Sideswipe, Same Direction",Clear,Daylight,Unknown,Parked Vehicle,38.987463,-76.9880445,Unknown,Level,Dry,No/Unknown/Miscellaneous Control,Non-Junction,Non-Intersection,Straight,No Defects,"Divided, Raised Median (Curbed)",Maryland (State) Route,New Hampshire Ave (Sb/L)
137,Montgomery,Injury Crash,2025-05-20 12:07:00,3,Driver,Front To Rear,Clear,Daylight,Not Suspected,Motor Vehicle In Transport,39.03181922,-77.07477417,No,Level,Dry,Traffic Signals,Through Roadway,Non-Intersection,Straight,No Defects,"Divided, Raised Median (Curbed)",Maryland (State) Route,University Blvd W (Wb/L)
138,Montgomery,Property Damage Crash,2025-05-20 10:15:00,3,Unknown,Front To Rear,Clear,Daylight,Not Suspected,Motor Vehicle In Transport,39.05894521,-77.05800267,No,Level,Dry,Other,Non-Junction,Non-Intersection,Straight,No Defects,"Divided, Raised Median (Curbed)",County Route,Randolph Rd
139,Montgomery,Injury Crash,2025-05-20 09:10:00,"2, 4",Driver,Angle,Clear,Daylight,Not Suspected,Motor Vehicle In Transport,39.0545175,-77.14307433,No,Level,Dry,Traffic Signals,Intersection Or Related,Perpendicular,Straight,No Defects,"Divided, Raised Median (Curbed), Not Divided",Municipality Route,Farm Haven Dr
140,Montgomery,Property Damage Crash,2025-05-20 08:59:00,4,Driver,"Sideswipe, Same Direction",Clear,Daylight,Not Suspected,Motor Vehicle In Transport,39.10653101,-77.15930897,No,Level,Dry,Traffic Signals,Non-Junction,Non-Intersection,Straight,No Defects,"Divided, Raised Median (Curbed)",Municipality Route,W Gude Dr
141,Montgomery,Injury Crash,2025-05-20 08:48:00,"2, 8",Driver,Angle,Clear,Daylight,Not Suspected,Motor Vehicle In Transport,39.14515908,-77.15013556,No,Level,Dry,Traffic Signals,Intersection Or Related,Perpendicular,Straight,No Defects,"Divided, Raised Median (Curbed), Not Divided",County Route,Shady Grove Rd
142,Montgomery,Property Damage Crash,2025-05-20 08:47:00,3,Unknown,"Sideswipe, Same Direction",Clear,Daylight,Unknown,Motor Vehicle In Transport,39.13314374,-77.24503356,Unknown,Level,Dry,Traffic Signals,Non-Junction,Non-Intersection,Straight,No Defects,"Divided, Flush Median (Greater Than 4Ft Wide)",Maryland (State) Route,Great Seneca Hwy (Sb/L)
143,Montgomery,Injury Crash,2025-05-20 07:16:00,3,Driver,Front To Front,Clear,Daylight,Not Suspected,Motor Vehicle In Transport,39.10618633,-77.0015705,No,"Downhill, Uphill",Dry,Traffic Signals,Intersection Or Related,Perpendicular,"Curve Left, Curve Right",No Defects,"Divided, Raised Median (Curbed)",County Route,Undisclosed
145,Montgomery,Property Damage Crash,2025-05-20 00:37:00,3,Driver,"Sideswipe, Same Direction",Clear,Dark - Lighted,Unknown,Parked Vehicle,39.04833069,-77.11375591,Unknown,Level,Dry,No/Unknown/Miscellaneous Control,Non-Junction,Non-Intersection,Straight,No Defects,"Divided, Raised Median (Curbed)",Maryland (State) Route,Rockville Pike (Sb/L)
146,Montgomery,Property Damage Crash,2025-05-19 21:33:00,3,Driver,Single Vehicle,Clear,Dark - Lighted,Not Suspected,Curb,39.02288367,-77.011417,No,Level,Dry,No/Unknown/Miscellaneous Control,Non-Junction,Non-Intersection,"Curve Left, Curve Right",No Defects,"Divided, Raised Median (Curbed)",Us (State),Colesville Rd (Sb/L)
147,Montgomery,Injury Crash,2025-05-19 21:06:00,0,Unknown,Single Vehicle,Clear,Dark - Lighted,Not Suspected,Pedestrian,39.032216,-77.00361283,No,Level,Dry,No/Unknown/Miscellaneous Control,Entrance/Exit Ramp Or Related,Non-Intersection,Straight,No Defects,Not Divided,Us (State),Columbia Pike
149,Montgomery,Property Damage Crash,2025-05-19 19:52:00,2,Unknown,Single Vehicle,Clear,Daylight,Not Suspected,Mailbox,39.14710167,-77.289615,No,Level,Dry,No/Unknown/Miscellaneous Control,Non-Junction,Non-Intersection,Curve Right,No Defects,Not Divided,County Route,Riffle Ford Rd
150,Montgomery,Injury Crash,2025-05-19 18:36:00,"3, 4",Driver,Front To Front,Clear,Daylight,Not Suspected,Motor Vehicle In Transport,39.05093933,-77.07368183,No,Level,Dry,Other,Through Roadway,Non-Intersection,Straight,No Defects,Not Divided,Maryland (State) Route,Veirs Mill Rd (Wb/L)
151,Montgomery,Injury Crash,2025-05-19 18:18:00,4,Unknown,Front To Rear,Clear,Daylight,Not Suspected,Motor Vehicle In Transport,39.1758257,-77.24634981,No,Level,Dry,No/Unknown/Miscellaneous Control,Entrance/Exit Ramp Or Related,Non-Intersection,Straight,No Defects,"Divided, Raised Median (Curbed)",County Route,Middlebrook Rd (Wb/L)
152,Montgomery,Property Damage Crash,2025-05-19 18:18:00,5,Driver,Single Vehicle,Clear,Daylight,Not Suspected,Curb,39.19011,-77.24931333,No,Level,Dry,No/Unknown/Miscellaneous Control,Non-Junction,Non-Intersection,Curve Right,No Defects,"Divided, Raised Median (Curbed)",Maryland (State) Route,Germantown Rd
153,Gaithersburg,Injury Crash,2025-05-19 16:57:00,1,Driver,Front To Rear,Clear,Daylight,Not Suspected,Motor Vehicle In Transport,39.14553583,-77.19252633,No,Uphill,Dry,No/Unknown/Miscellaneous Control,Through Roadway,Non-Intersection,Straight,No Defects,Not Divided,Municipality Route,N Summit Ave
154,Rockville,Injury Crash,2025-05-19 16:04:00,1,Driver,Angle,Clear,Daylight,Not Suspected,Motor Vehicle In Transport,39.11545218,-77.17069264,No,Level,Dry,Other,Intersection Or Related,Perpendicular,Straight,No Defects,"Divided, Raised Median (Curbed), Not Divided",Municipality Route,King Farm Blvd
155,Montgomery,Injury Crash,2025-05-19 16:01:00,2,Unknown,Unknown,Clear,Daylight,Unknown,Not Applicable,39.1919257,-77.2800692,No,Level,Dry,No/Unknown/Miscellaneous Control,Non-Junction,Non-Intersection,Straight,No Defects,Not Divided,Local Route,Deerwater Dr
156,Montgomery,Injury Crash,2025-05-19 16:00:00,5,Driver,Front To Rear,Clear,Daylight,Not Suspected,Motor Vehicle In Transport,39.06700186,-77.15037772,No,Level,Dry,Traffic Signals,Intersection Or Related,Perpendicular,Curve Right,No Defects,"Divided, Raised Median (Curbed)",Municipality Route,Wootton Pkwy
157,Montgomery,Property Damage Crash,2025-05-19 15:45:00,1,Driver,Single Vehicle,Clear,Daylight,Not Suspected,Traffic Sign Support,39.15241497,-77.07988937,No,Level,Dry,No/Unknown/Miscellaneous Control,Non-Junction,Non-Intersection,Straight,No Defects,Not Divided,County Route,Morningwood Dr
158,Montgomery,Injury Crash,2025-05-19 14:56:00,5,Unknown,Front To Rear,Clear,Daylight,Not Suspected,Motor Vehicle In Transport,38.96918598,-77.1103136,No,Uphill,Dry,Other,Acceleration/Deceleration Lane,Non-Intersection,Straight,No Defects,"Divided, Raised Median (Curbed)",Maryland (State) Route,River Rd (Wb/L)
159,Montgomery,Property Damage Crash,2025-05-19 14:51:00,3,Unknown,"Sideswipe, Opposite Direction",Clear,Daylight,Unknown,Motor Vehicle In Transport,39.09500945,-77.11300243,Unknown,Level,Dry,Traffic Signals,Non-Junction,Non-Intersection,Straight,No Defects,"Divided, Flush Median (Greater Than 4Ft Wide)",Maryland (State) Route,Norbeck Rd
160,Mcpark,Property Damage Crash,2025-05-19 14:30:00,3,Driver,Front To Rear,Clear,Daylight,Other,Motor Vehicle In Transport,39.18086249,-77.26247279,No,Level,Dry,Traffic Signals,Non-Junction,Non-Intersection,Straight,No Defects,Not Divided,Maryland (State) Route,Germantown Rd
162,Montgomery,Injury Crash,2025-05-19 13:40:00,1,Driver,"Sideswipe, Same Direction",Clear,Daylight,Not Suspected,Motor Vehicle In Transport,39.0477735,-77.08837733,No,Uphill,Dry,No/Unknown/Miscellaneous Control,Through Roadway,Non-Intersection,Straight,No Defects,Not Divided,County Route,Dewey Rd
163,Rockville,Property Damage Crash,2025-05-19 13:33:00,4,Driver,Angle,Clear,Daylight,Not Suspected,Motor Vehicle In Transport,39.07449491,-77.13585372,No,Level,Dry,No/Unknown/Miscellaneous Control,Non-Junction,Non-Intersection,Straight,No Defects,"Divided, Raised Median (Curbed)",Municipality Route,W Edmonston Dr
164,Montgomery,Injury Crash,2025-05-19 13:15:00,4,Driver,Front To Rear,Clear,Daylight,Not Suspected,Motor Vehicle In Transport,39.02808443,-77.07650904,No,Downhill,Dry,No/Unknown/Miscellaneous Control,Non-Junction,Non-Intersection,Straight,No Defects,"Divided, Raised Median (Curbed)",Maryland (State) Route,Connecticut Ave (Sb/L)
165,Gaithersburg,Property Damage Crash,2025-05-19 12:37:00,4,Driver,Angle,Clear,Daylight,Not Suspected,Motor Vehicle In Transport,39.140509,-77.20975617,No,Level,Dry,Traffic Signals,Acceleration/Deceleration Lane,Non-Intersection,Straight,No Defects,Not Divided,Maryland (State) Route,W Diamond Ave (Wb/L)
167,Montgomery,Property Damage Crash,2025-05-19 10:27:00,2,Driver,Angle,Clear,Daylight,Not Suspected,Motor Vehicle In Transport,39.09518284,-77.11260584,No,Level,Dry,Traffic Signals,Intersection Or Related,Perpendicular,Straight,No Defects,"Divided, Raised Median (Curbed)",County Route,Baltimore Rd
168,Montgomery,Injury Crash,2025-05-19 09:24:00,3,Driver,Angle,Clear,Daylight,Not Suspected,Motor Vehicle In Transport,38.9830099,-77.07718217,No,Level,Dry,Other,Intersection Or Related,Perpendicular,Straight,No Defects,"Divided, Raised Median (Curbed)",Municipality Route,Underwood St
169,Montgomery,Property Damage Crash,2025-05-19 08:40:00,4,Driver,"Sideswipe, Same Direction",Clear,Daylight,Not Suspected,Motor Vehicle In Transport,39.11640833,-77.16537317,No,Level,Dry,No/Unknown/Miscellaneous Control,Non-Junction,Non-Intersection,Straight,No Defects,Not Divided,County Route,Redland Rd
170,Rockville,Property Damage Crash,2025-05-19 08:14:00,3,Driver,Front To Rear,Clear,Daylight,Not Suspected,Motor Vehicle In Transport,39.05841321,-77.1522538,No,Level,Dry,Traffic Signals,Non-Junction,Non-Intersection,Curve Right,No Defects,Not Divided,Ramp,Ramp 10 Fr Ramp 4 To Tower Oaks Blvd
172,Montgomery,Property Damage Crash,2025-05-19 07:45:00,1,Driver,"Sideswipe, Opposite Direction",Clear,Daylight,Not Suspected,Parked Vehicle,39.0295735,-77.01447317,No,Level,Dry,Signs,Intersection Or Related,Perpendicular,Straight,No Defects,Not Divided,County Route,Eastwood Ave
173,Montgomery,Property Damage Crash,2025-05-19 07:04:00,2,Driver,Front To Rear,Clear,Daylight,Not Suspected,Motor Vehicle In Transport,39.1174255,-77.16524417,No,Uphill,Dry,Traffic Signals,Non-Junction,Non-Intersection,Straight,No Defects,Not Divided,Other Public Roadway,Somerville Dr
174,Montgomery,Injury Crash,2025-05-19 00:00:00,1,Driver,Single Vehicle,Clear,Dark - Lighted,Alcohol,"Other Fixed Object (Wall, Building, Tunnel, Etc.)",38.99679244,-77.0050954,No,Downhill,Dry,No/Unknown/Miscellaneous Control,Non-Junction,Non-Intersection,Straight,No Defects,Not Divided,County Route,Manchester Rd
175,Montgomery,Injury Crash,2025-05-18 19:23:00,3,Unknown,Front To Rear,Clear,Daylight,Not Suspected,Motor Vehicle In Transport,38.985845,-77.077047,No,Level,Dry,Other,Entrance/Exit Ramp Or Related,Non-Intersection,Straight,No Defects,"Divided, Raised Median (Curbed)",Maryland (State) Route,Connecticut Ave
176,Montgomery,Property Damage Crash,2025-05-18 18:57:00,1,Driver,Single Vehicle,Clear,Daylight,Alcohol,"Other Fixed Object (Wall, Building, Tunnel, Etc.)",39.24830744,-77.27402631,No,Level,Dry,Signs,Through Roadway,Non-Intersection,Curve Left,No Defects,Not Divided,County Route,Burnt Hill Rd
177,Montgomery,Property Damage Crash,2025-05-18 17:17:00,2,Unknown,Single Vehicle,Clear,Daylight,Not Suspected,Traffic Sign Support,39.0370491,-77.13739569,No,Uphill,Dry,No/Unknown/Miscellaneous Control,"Other Location Not Listed Above Within An Interchange Area (Median,
Shoulder And Roadside)",Non-Intersection,Curve Left,No Defects,"Divided, Flush Median (Greater Than 4Ft Wide)",County Route,Undisclosed
179,Montgomery,Property Damage Crash,2025-05-18 11:44:00,1,Unknown,Other,Clear,Daylight,Unknown,Motor Vehicle In Transport,39.12183903,-77.11478183,No,Level,Dry,No/Unknown/Miscellaneous Control,Non-Junction,Non-Intersection,Straight,No Defects,Not Divided,Maryland (State) Route,Undisclosed
183,Montgomery,Property Damage Crash,2025-05-18 10:40:00,3,Driver,"Sideswipe, Same Direction",Clear,Daylight,Not Suspected,Motor Vehicle In Transport,39.01943961,-77.04415486,No,Level,Dry,Other,Intersection Or Related,Perpendicular,Straight,No Defects,"Divided, Raised Median (Curbed)",County Route,Belvedere Blvd
184,Gaithersburg,Injury Crash,2025-05-18 09:10:00,5,Driver,Angle,Clear,Daylight,Not Suspected,Motor Vehicle In Transport,39.1527255,-77.21216117,No,Level,Dry,Traffic Signals,Intersection Or Related,Perpendicular,Straight,No Defects,"Divided, Raised Median (Curbed)",Maryland (State) Route,Frederick Rd
185,Montgomery,Injury Crash,2025-05-18 06:43:00,4,Driver,Front To Front,Clear,Daylight,Not Suspected,Motor Vehicle In Transport,39.09935877,-77.0997679,No,Level,Dry,Traffic Signals,Intersection Or Related,Perpendicular,Straight,No Defects,"Divided, Raised Median (Curbed)",County Route,Undisclosed
186,Montgomery,Property Damage Crash,2025-05-18 01:56:00,2,Unknown,Single Vehicle,Clear,Dark - Lighted,Unknown,Curb,39.19046516,-77.22493571,Yes,Level,Dry,No/Unknown/Miscellaneous Control,Intersection Or Related,Perpendicular,Straight,No Defects,Not Divided,County Route,Germantown Rd
187,Montgomery,Injury Crash,2025-05-18 00:56:00,3,Driver,Front To Rear,Clear,Dark - Lighted,Not Suspected,Motor Vehicle In Transport,39.04562282,-77.07607376,No,Level,Dry,No/Unknown/Miscellaneous Control,Non-Junction,Non-Intersection,Straight,No Defects,"Divided, Raised Median (Curbed)",Maryland (State) Route,Connecticut Ave
188,Montgomery,Property Damage Crash,2025-05-18 00:30:00,2,Driver,Other,Clear,Dark - Lighted,Not Suspected,Motor Vehicle In Transport,39.11136845,-76.93225355,No,Level,Dry,Traffic Signals,Non-Junction,Non-Intersection,Straight,No Defects,"Divided, Raised Median (Curbed), Not Divided",Us (State),Old Columbia Pike (Sb/L)