,agency_name,acrs_report_type,crash_date_time,number_of_lanes,at_fault,collision_type,weather,light,driver_substance_abuse,first_harmful_event,latitude,longitude,hit_run,road_grade,surface_condition,traffic_control,junction,intersection_type,road_alignment,road_condition,road_division,route_type,road_name
189,Montgomery,Injury Crash,2025-05-17 23:45:00,"0, 3",Driver,Front To Rear,Clear,Dark - Lighted,Not Suspected,Motor Vehicle In Transport,39.02967802,-77.04765564,Unknown,"Downhill, Level",Dry,No/Unknown/Miscellaneous Control,Through Roadway,Non-Intersection,Straight,No Defects,"Divided, Raised Median (Curbed), Not Divided",Local Route,Metrorail Track B2 Rail
191,Montgomery,Property Damage Crash,2025-05-17 22:45:00,2,Driver,"Sideswipe, Opposite Direction",Clear,Dark - Lighted,Not Suspected,Motor Vehicle In Transport,39.19225441,-77.27789254,No,Level,Dry,No/Unknown/Miscellaneous Control,Non-Junction,Non-Intersection,Straight,No Defects,Not Divided,County Route,Waters Landing Dr
193,Montgomery,Injury Crash,2025-05-17 19:48:00,5,Driver,Front To Rear,Clear,Daylight,Not Suspected,Motor Vehicle In Transport,39.05310156,-77.1361095,No,Downhill,Dry,Traffic Signals,Intersection Or Related,Perpendicular,Curve Right,No Defects,"Divided, Raised Median (Curbed)",County Route,Montrose Rd
194,Montgomery,Property Damage Crash,2025-05-17 18:23:00,3,Unknown,"Sideswipe, Same Direction",Clear,Daylight,Unknown,Motor Vehicle In Transport,39.0556197,-76.99560519,Unknown,Level,Dry,Traffic Signals,Through Roadway,Non-Intersection,Straight,No Defects,"Divided, Raised Median (Curbed)",Maryland (State) Route,New Hampshire Ave
195,Montgomery,Property Damage Crash,2025-05-17 17:36:00,3,Driver,Rear To Side,Clear,Daylight,Not Suspected,Motor Vehicle In Transport,39.04154898,-77.05167899,No,Level,Dry,Traffic Signals,Intersection Or Related,Perpendicular,Straight,No Defects,"Divided, Flush Median (Greater Than 4Ft Wide)",Maryland (State) Route,University Blvd W (Wb/L)
196,Montgomery,Injury Crash,2025-05-17 17:34:00,4,Unknown,Single Vehicle,Clear,Daylight,Not Suspected,Curb,39.07650645,-76.97051754,No,Level,Dry,Traffic Signals,Intersection Or Related,Perpendicular,Straight,No Defects,Not Divided,County Route,Undisclosed
197,Montgomery,Property Damage Crash,2025-05-17 17:00:00,1,Driver,"Sideswipe, Same Direction",Clear,Daylight,Not Suspected,Motor Vehicle In Transport,39.17234179,-77.19737895,No,Level,Dry,No/Unknown/Miscellaneous Control,Intersection Or Related,Perpendicular,Straight,No Defects,Not Divided,Private Route,Undisclosed
199,Montgomery,Property Damage Crash,2025-05-17 16:10:00,2,Unknown,"Sideswipe, Same Direction",Clear,Daylight,Unknown,Motor Vehicle In Transport,39.02062183,-77.122344,Unknown,Downhill,Dry,Traffic Signals,Intersection Or Related,Perpendicular,Straight,No Defects,"Divided, Flush Median (Greater Than 4Ft Wide)",County Route,Lone Oak Dr
200,Montgomery,Injury Crash,2025-05-17 16:07:00,2,Driver,Front To Rear,Cloudy,Daylight,Unknown,Motor Vehicle In Transport,39.24978,-77.3001425,Unknown,Level,Dry,No/Unknown/Miscellaneous Control,Non-Junction,Non-Intersection,Straight,No Defects,"Divided, Flush Median (Greater Than 4Ft Wide)",Interstate (State),Eisenhower Memorial Hwy
201,Montgomery,Injury Crash,2025-05-17 15:58:00,2,Driver,Single Vehicle,Clear,Daylight,Not Suspected,Fell Jumped From Motor Vehicle,39.07239811,-77.31248209,No,Uphill,Dry,No/Unknown/Miscellaneous Control,Driveway Access Or Related,Non-Intersection,Curve Right,No Defects,Not Divided,Maryland (State) Route,Undisclosed
202,Montgomery,Injury Crash,2025-05-17 15:53:00,4,Unknown,Single Vehicle,Clear,Daylight,Not Suspected,Tree (Standing),39.23450603,-77.28086671,No,Level,Dry,No/Unknown/Miscellaneous Control,Non-Junction,Non-Intersection,Straight,No Defects,"Divided, Raised Median (Curbed)",County Route,Stringtown Rd
203,Montgomery,Property Damage Crash,2025-05-17 14:55:00,4,Driver,Rear To Side,Clear,Daylight,Not Suspected,Motor Vehicle In Transport,39.07124327,-77.06381966,No,Level,Dry,No/Unknown/Miscellaneous Control,Non-Junction,Non-Intersection,Straight,No Defects,"Divided, Depressed Median",Maryland (State) Route,Georgia Ave (Sb/L)
204,Gaithersburg,Property Damage Crash,2025-05-17 14:30:00,2,Driver,Angle,Clear,Daylight,Not Suspected,Motor Vehicle In Transport,39.1453785,-77.21997383,No,Level,Dry,Traffic Signals,Non-Junction,Non-Intersection,Straight,No Defects,Not Divided,Maryland (State) Route,Quince Orchard Rd
205,Gaithersburg,Property Damage Crash,2025-05-17 14:17:00,1,Unknown,"Sideswipe, Same Direction",Clear,Daylight,Unknown,Motor Vehicle In Transport,39.1226879,-77.23493568,Unknown,Level,Dry,No/Unknown/Miscellaneous Control,Non-Junction,Non-Intersection,Straight,No Defects,Not Divided,Municipality Route,Market St
206,Gaithersburg,Property Damage Crash,2025-05-17 14:03:00,"0, 3",Unknown,Single Vehicle,Clear,Daylight,Unknown,Curb,39.14444299,-77.21644331,Unknown,Level,Dry,Other,Intersection Or Related,Perpendicular,Straight,No Defects,"Divided, Raised Median (Curbed), Not Divided",Other Public Roadway,Firstfield Rd
207,Montgomery,Property Damage Crash,2025-05-17 13:53:00,4,Driver,Angle,Clear,Daylight,Not Suspected,Motor Vehicle In Transport,39.09056702,-77.04569934,No,Level,Dry,No/Unknown/Miscellaneous Control,Non-Junction,Non-Intersection,Straight,No Defects,"Divided, Depressed Median",County Route,Undisclosed
208,Rockville,Property Damage Crash,2025-05-17 12:57:00,"1, 3",Unknown,Angle,Clear,Daylight,Not Suspected,Motor Vehicle In Transport,39.06875018,-77.1300934,No,Level,Dry,Other,Driveway Access Or Related,Non-Intersection,Straight,No Defects,"Divided, Raised Median (Curbed), Not Divided",Maryland (State) Route,Rockville Pike (Sb/L)
209,Montgomery,Injury Crash,2025-05-17 11:04:00,3,Driver,Angle,Clear,Daylight,Not Suspected,Motor Vehicle In Transport,39.10628076,-77.15228593,No,Level,Dry,Traffic Signals,Non-Junction,Non-Intersection,Straight,No Defects,"Divided, Raised Median (Curbed), Not Divided",County Route,E Gude Dr
210,Gaithersburg,Injury Crash,2025-05-17 10:00:00,1,Unknown,"Sideswipe, Same Direction",Clear,Daylight,Not Suspected,Motor Vehicle In Transport,39.11875196,-77.20405387,No,Level,Dry,No/Unknown/Miscellaneous Control,Entrance/Exit Ramp Or Related,Non-Intersection,Straight,No Defects,"Divided, Raised Median (Curbed)",Ramp,Ramp 1 Fr Is 270 Nb To Is 370 Wb
211,Montgomery,Property Damage Crash,2025-05-17 09:15:00,3,Driver,Other,Clear,Daylight,Not Suspected,Motor Vehicle In Transport,39.03637017,-77.038365,No,Level,Dry,No/Unknown/Miscellaneous Control,Crossover-Related,Non-Intersection,"Curve Left, Curve Right",No Defects,Not Divided,County Route,Glenpark Dr
212,Rockville,Injury Crash,2025-05-17 05:00:00,2,Driver,Angle,Clear,Dark - Lighted,Not Suspected,Motor Vehicle In Transport,39.07449121,-77.13567147,No,"Level, Sag(Bottom)",Dry,Traffic Signals,Intersection Or Related,Perpendicular,Straight,No Defects,"Divided, Flush Median (Greater Than 4Ft Wide), Not Divided",Municipality Route,W Edmonston Dr
213,Montgomery,Property Damage Crash,2025-05-17 05:00:00,1,Unknown,Single Vehicle,Clear,Dark - Lighted,Unknown,"Other Fixed Object (Wall, Building, Tunnel, Etc.)",39.144908,-77.168602,Yes,Level,Dry,No/Unknown/Miscellaneous Control,Non-Junction,Non-Intersection,Straight,No Defects,Not Divided,County Route,Amity Dr
214,Takoma,Injury Crash,2025-05-17 04:20:00,2,Driver,Front To Rear,Clear,Dark - Lighted,Not Suspected,Motor Vehicle In Transport,38.98311049,-77.01530177,No,Level,Dry,Traffic Signals,Intersection Or Related,Perpendicular,Straight,No Defects,Not Divided,Maryland (State) Route,Undisclosed
215,Montgomery,Property Damage Crash,2025-05-16 23:51:00,3,Unknown,Single Vehicle,Clear,Dark - Lighted,Not Suspected,Animal (Live),39.02837411,-77.12656405,No,Level,Dry,No/Unknown/Miscellaneous Control,Non-Junction,Non-Intersection,Straight,No Defects,"Divided, Raised Median (Curbed)",Maryland (State) Route,Old Georgetown Rd (Sb/L)
216,Montgomery,Injury Crash,2025-05-16 23:30:00,3,Unknown,"Sideswipe, Opposite Direction",Clear,Dark - Lighted,Not Suspected,Motor Vehicle In Transport,39.01131079,-76.97861883,Unknown,Level,Dry,Traffic Signals,Intersection Or Related,Perpendicular,Straight,No Defects,"Divided, Raised Median (Curbed)",County Route,Adelphi Rd
217,Montgomery,Injury Crash,2025-05-16 21:22:00,4,Driver,Angle,Clear,Dark - Lighted,Not Suspected,Motor Vehicle In Transport,39.15775275,-77.19194869,No,"Level, Uphill",Wet,Traffic Signals,Intersection Or Related,Perpendicular,Straight,No Defects,"Divided, Raised Median (Curbed), Not Divided",County Route,Undisclosed
218,Montgomery,Property Damage Crash,2025-05-16 18:41:00,1,Driver,Front To Front,Clear,Daylight,Not Suspected,Motor Vehicle In Transport,39.23128694,-77.269714,No,Level,Wet,No/Unknown/Miscellaneous Control,Through Roadway,Non-Intersection,Straight,No Defects,Not Divided,Maryland (State) Route,Undisclosed
219,Montgomery,Property Damage Crash,2025-05-16 18:39:00,2,Driver,"Sideswipe, Same Direction",Clear,Daylight,Not Suspected,Motor Vehicle In Transport,39.064557,-76.96943833,No,Level,Wet,No/Unknown/Miscellaneous Control,Acceleration/Deceleration Lane,Non-Intersection,Straight,No Defects,"Divided, Depressed Median",County Route,E Randolph Rd (Wb/L)
221,Montgomery,Property Damage Crash,2025-05-16 17:30:00,1,Unknown,Single Vehicle,Severe Crosswinds,Other,Not Suspected,Tree (Standing),39.1500971,-77.24328664,No,Downhill,Wet,No/Unknown/Miscellaneous Control,Non-Junction,Non-Intersection,Straight,No Defects,"Divided, Depressed Median",Maryland (State) Route,Clopper Rd
222,Montgomery,Injury Crash,2025-05-16 17:05:00,"1, 4",Driver,Other,Clear,Daylight,Not Suspected,Motor Vehicle In Transport,39.11179534,-77.07584439,No,Level,Dry,No/Unknown/Miscellaneous Control,Intersection Or Related,Angled/Skewed,"Curve Left, Straight",No Defects,"Divided, Flush Median (Greater Than 4Ft Wide), Not Divided",Spur,Undisclosed
223,Montgomery,Property Damage Crash,2025-05-16 17:00:00,1,Unknown,"Sideswipe, Opposite Direction",Clear,Daylight,Not Suspected,Parked Vehicle,39.0789252,-77.075849,No,Level,Wet,No/Unknown/Miscellaneous Control,Non-Junction,Non-Intersection,Straight,No Defects,Not Divided,County Route,Wendy La
224,Montgomery,Property Damage Crash,2025-05-16 16:42:00,3,Unknown,Front To Rear,Clear,Daylight,Not Suspected,Motor Vehicle In Transport,39.0469692,-76.98600294,No,Level,Dry,No/Unknown/Miscellaneous Control,Non-Junction,Non-Intersection,Straight,No Defects,Not Divided,Us (State),Columbia Pike
225,Montgomery,Property Damage Crash,2025-05-16 16:11:00,3,Unknown,Front To Rear,Clear,Daylight,Unknown,Motor Vehicle In Transport,39.02418067,-76.97927774,Unknown,Level,Dry,No/Unknown/Miscellaneous Control,Non-Junction,Non-Intersection,Straight,No Defects,"Divided, Raised Median (Curbed)",Maryland (State) Route,New Hampshire Ave (Sb/L)
226,Montgomery,Property Damage Crash,2025-05-16 15:36:00,1,Unknown,"Sideswipe, Opposite Direction",Cloudy,Daylight,Not Suspected,Motor Vehicle In Transport,39.12666037,-77.14464662,Unknown,Level,Dry,Signs,Intersection Or Related,Angled/Skewed,Straight,No Defects,Not Divided,County Route,Killdeer Dr
227,Montgomery,Property Damage Crash,2025-05-16 15:30:00,4,Driver,Front To Rear,Clear,Daylight,Not Suspected,Motor Vehicle In Transport,39.03996175,-77.04301767,No,Level,Dry,Traffic Signals,Through Roadway,Non-Intersection,Straight,No Defects,"Divided, Raised Median (Curbed)",County Route,Reedie Dr
228,Montgomery,Property Damage Crash,2025-05-16 15:24:00,3,Unknown,"Sideswipe, Same Direction",Clear,Daylight,Not Suspected,Motor Vehicle In Transport,38.99252919,-77.06047679,No,Level,Dry,Traffic Signals,Acceleration/Deceleration Lane,Non-Intersection,Straight,No Defects,"Divided, Raised Median (Curbed)",Maryland (State) Route,East West Hwy (Wb/L)
229,Montgomery,Injury Crash,2025-05-16 14:54:00,4,Unknown,Front To Rear,Clear,Daylight,Not Suspected,Motor Vehicle In Transport,39.04582701,-77.07615267,No,Uphill,Dry,Traffic Signals,Intersection Or Related,Perpendicular,Straight,No Defects,"Divided, Raised Median (Curbed)",Local Route,No Name
230,Montgomery,Property Damage Crash,2025-05-16 14:50:00,1,Unknown,Single Vehicle,Clear,Daylight,Not Suspected,Fence,39.02972085,-77.12861761,No,Level,Dry,No/Unknown/Miscellaneous Control,Non-Junction,Non-Intersection,Straight,No Defects,Not Divided,Local Route,Rock Forest Dr
231,Montgomery,Injury Crash,2025-05-16 14:45:00,1,Driver,Angle,Clear,Daylight,Not Suspected,Motor Vehicle In Transport,39.00118383,-77.123207,No,Hillcrest,Dry,Signs,Intersection Or Related,Perpendicular,Curve Right,No Defects,Not Divided,County Route,Ewing Dr
232,Montgomery,Property Damage Crash,2025-05-16 14:39:00,5,Driver,Single Vehicle,Clear,Daylight,Not Suspected,Curb,39.10638496,-77.15849833,No,Level,Dry,Traffic Signals,Through Roadway,Non-Intersection,Straight,No Defects,"Divided, Raised Median (Curbed)",Municipality Route,W Gude Dr
234,Takoma,Property Damage Crash,2025-05-16 13:47:00,2,Unknown,Front To Rear,Clear,Daylight,Not Suspected,Motor Vehicle In Transport,38.98603401,-76.98812286,Unknown,Level,Dry,Other,Intersection Or Related,Angled/Skewed,Straight,No Defects,"Divided, Flush Median (Greater Than 4Ft Wide)",Maryland (State) Route,New Hampshire Ave (Sb/L)
235,Montgomery,Property Damage Crash,2025-05-16 13:00:00,2,Driver,Front To Rear,Clear,Daylight,Not Suspected,Motor Vehicle In Transport,38.99004117,-77.11692383,No,Level,Dry,No/Unknown/Miscellaneous Control,Non-Junction,Non-Intersection,Straight,No Defects,Not Divided,Maryland (State) Route,Bradley Blvd
236,Montgomery,Property Damage Crash,2025-05-16 12:57:00,3,Driver,Front To Rear,Clear,Daylight,Not Suspected,Motor Vehicle In Transport,39.10643787,-77.15822603,No,Level,Dry,Traffic Signals,Intersection Or Related,Angled/Skewed,Straight,No Defects,"Divided, Raised Median (Curbed)",Maryland (State) Route,Hungerford Dr
237,Montgomery,Injury Crash,2025-05-16 12:44:00,3,Unknown,Front To Rear,Clear,Daylight,Not Suspected,Motor Vehicle In Transport,39.03772487,-77.05955155,No,Level,Dry,Traffic Signals,Non-Junction,Non-Intersection,Straight,No Defects,"Divided, Raised Median (Curbed)",Maryland (State) Route,University Blvd W (Wb/L)
238,Montgomery,Injury Crash,2025-05-16 11:10:00,2,Driver,Front To Rear,Clear,Daylight,Not Suspected,Motor Vehicle In Transport,39.18604431,-77.2636372,No,Level,Dry,Signs,Crossover-Related,Non-Intersection,Curve Left,No Defects,"Divided, Raised Median (Curbed)",County Route,Aircraft Dr
239,Gaithersburg,Injury Crash,2025-05-16 09:44:00,"1, 2",Unknown,"Sideswipe, Opposite Direction",Cloudy,Daylight,Not Suspected,Motor Vehicle In Transport,39.14310917,-77.21741017,No,Level,Wet,Other,Intersection Or Related,Perpendicular,Straight,No Defects,"Divided, Raised Median (Curbed)",Crossover,Undisclosed
240,Montgomery,Injury Crash,2025-05-16 09:30:00,4,Driver,Front To Front,Clear,Daylight,Not Suspected,Motor Vehicle In Transport,39.02972854,-76.98364881,No,Level,Dry,Traffic Signals,Intersection Or Related,Perpendicular,Straight,No Defects,"Divided, Raised Median (Curbed)",Maryland (State) Route,New Hampshire Ave (Sb/L)
241,Montgomery,Property Damage Crash,2025-05-16 08:44:00,"1, 3",Driver,Other,Clear,Daylight,Not Suspected,Motor Vehicle In Transport,39.03338335,-77.023903,No,Level,Dry,Traffic Signals,Through Roadway,Non-Intersection,Straight,No Defects,Not Divided,Maryland (State) Route,University Blvd W (Wb/L)
242,Montgomery,Injury Crash,2025-05-16 05:23:00,"4, 5",Unknown,Angle,Clear,Dawn,Not Suspected,Motor Vehicle In Transport,39.05707771,-77.16157274,No,Level,Dry,Traffic Signals,Intersection Or Related,Perpendicular,Straight,No Defects,"Divided, Raised Median (Curbed)",County Route,Undisclosed
243,Montgomery,Property Damage Crash,2025-05-16 01:27:00,"2, 3",Driver,Front To Rear,Clear,Dark - Lighted,Not Suspected,Motor Vehicle In Transport,39.17695261,-77.27015992,No,Level,Dry,Traffic Signals,Intersection Or Related,Perpendicular,Straight,No Defects,Not Divided,County Route,Wisteria Dr
244,Montgomery,Property Damage Crash,2025-05-15 23:50:00,3,Unknown,Front To Rear,Clear,Dark - Lighted,Not Suspected,Motor Vehicle In Transport,39.06428683,-77.03944483,No,Level,Dry,Traffic Signals,Non-Junction,Non-Intersection,Straight,No Defects,"Divided, Flush Median (Greater Than 4Ft Wide)",County Route,Middlevale La
245,Montgomery,Property Damage Crash,2025-05-15 23:01:00,2,Unknown,Single Vehicle,Clear,Dark - Lighted,Not Suspected,Tree (Standing),39.03228567,-77.0880275,No,Uphill,Dry,No/Unknown/Miscellaneous Control,Through Roadway,Non-Intersection,Curve Right,No Defects,"Divided, Flush Median (Greater Than 4Ft Wide)",Maryland (State) Route,Knowles Ave
246,Montgomery,Injury Crash,2025-05-15 20:55:00,2,Unknown,Single Vehicle,Clear,Dark - Lighted,Not Suspected,Pedestrian,39.18107375,-77.2671538,No,Level,Dry,Human/Pedestrian Control,Intersection Or Related,Perpendicular,Straight,No Defects,Not Divided,County Route,Town Commons Blvd
247,Montgomery,Property Damage Crash,2025-05-15 20:16:00,1,Unknown,Angle,Clear,Dark - Lighted,Not Suspected,Motor Vehicle In Transport,39.00397252,-77.04094907,No,"Downhill, Level",Dry,Other,Intersection Or Related,Perpendicular,Straight,No Defects,Not Divided,County Route,Grace Church Rd
248,Gaithersburg,Property Damage Crash,2025-05-15 20:01:00,"3, 5",Unknown,Rear To Side,Clear,Daylight,Not Suspected,Motor Vehicle In Transport,39.15002035,-77.20910556,No,Level,Dry,Traffic Signals,Non-Junction,Non-Intersection,Straight,No Defects,"Divided, Raised Median (Curbed)",Municipality Route,Undisclosed
249,Montgomery,Injury Crash,2025-05-15 19:58:00,1,Driver,Angle,Clear,Dusk,Not Suspected,Motor Vehicle In Transport,39.00372999,-77.13726693,No,Level,Dry,Other,Intersection Or Related,Perpendicular,Straight,No Defects,Not Divided,Maryland (State) Route,Bradley Blvd
250,Montgomery,Injury Crash,2025-05-15 19:49:00,2,Driver,Front To Front,Cloudy,Daylight,Not Suspected,Motor Vehicle In Transport,39.25241167,-77.139405,No,Downhill,Dry,No/Unknown/Miscellaneous Control,Intersection Or Related,Perpendicular,Straight,No Defects,Not Divided,Maryland (State) Route,Undisclosed
251,Montgomery,Property Damage Crash,2025-05-15 17:13:00,3,Driver,Other,Clear,Daylight,Not Suspected,Motor Vehicle In Transport,39.02762243,-77.02064144,No,Level,Dry,No/Unknown/Miscellaneous Control,Intersection Or Related,Perpendicular,Straight,No Defects,"Divided, Raised Median (Curbed)",Maryland (State) Route,University Blvd W (Wb/L)
253,Montgomery,Injury Crash,2025-05-15 15:50:00,2,Driver,Angle,Clear,Daylight,Not Suspected,Motor Vehicle In Transport,38.99469818,-77.04432141,No,Hillcrest,Dry,No/Unknown/Miscellaneous Control,Non-Junction,Non-Intersection,Curve Left,No Defects,Not Divided,Maryland (State) Route,Undisclosed
254,Mcpark,Property Damage Crash,2025-05-15 15:35:00,"2, 3",Unknown,Front To Rear,Clear,Daylight,Unknown,Motor Vehicle In Transport,38.97384366,-77.10189404,Unknown,Level,Dry,Traffic Signals,"Other Location Not Listed Above Within An Interchange Area (Median,
Shoulder And Roadside)",Non-Intersection,Straight,No Defects,Not Divided,Government Route,Little Falls Pkwy (Nb/L)
255,Gaithersburg,Property Damage Crash,2025-05-15 15:30:00,2,Unknown,Front To Front,Clear,Daylight,Not Suspected,Motor Vehicle In Transport,39.11389362,-77.20831253,No,Level,Dry,Other,Intersection Or Related,Perpendicular,Straight,No Defects,"Divided, Raised Median (Curbed)",Local Route,Copley Pl
256,Montgomery,Injury Crash,2025-05-15 15:23:00,2,Driver,Front To Rear,Clear,Daylight,Not Suspected,Motor Vehicle In Transport,39.15547017,-77.15565,No,Level,Dry,No/Unknown/Miscellaneous Control,Non-Junction,Non-Intersection,Straight,No Defects,Not Divided,Maryland (State) Route,Muncaster Mill Rd
257,Montgomery,Property Damage Crash,2025-05-15 15:15:00,0,Driver,Single Vehicle,Clear,Daylight,Not Suspected,Curb,39.00850417,-76.981599,No,Downhill,Dry,No/Unknown/Miscellaneous Control,Non-Junction,Non-Intersection,Straight,No Defects,Not Divided,Local Route,Hampshire West Ct
258,Rockville,Injury Crash,2025-05-15 14:30:00,3,Unknown,Front To Rear,Clear,Daylight,Not Suspected,Motor Vehicle In Transport,39.09943435,-77.15406476,No,Level,Dry,No/Unknown/Miscellaneous Control,Non-Junction,Non-Intersection,Straight,No Defects,"Divided, Raised Median (Curbed)",Maryland (State) Route,Hungerford Dr
259,Montgomery,Property Damage Crash,2025-05-15 13:56:00,3,Driver,Front To Rear,Clear,Daylight,Not Suspected,Motor Vehicle In Transport,39.06292582,-77.12509052,No,Level,Dry,No/Unknown/Miscellaneous Control,Non-Junction,Non-Intersection,Straight,No Defects,"Divided, Raised Median (Curbed)",Maryland (State) Route,Rockville Pike (Sb/L)
260,Montgomery,Injury Crash,2025-05-15 13:27:00,3,Nonmotorist,Unknown,Clear,Daylight,Not Suspected,Pedalcycle,39.08023256,-77.08076385,No,Level,Dry,Traffic Signals,Intersection Or Related,Perpendicular,Straight,No Defects,Not Divided,County Route,Aspen Hill Rd
261,Rockville,Property Damage Crash,2025-05-15 12:50:00,1,Unknown,"Sideswipe, Same Direction",Clear,Daylight,Unknown,Motor Vehicle In Transport,39.08415854,-77.13337239,Unknown,Level,Dry,No/Unknown/Miscellaneous Control,Non-Junction,Non-Intersection,Straight,No Defects,Not Divided,Municipality Route,Baltimore Rd
262,Montgomery,Property Damage Crash,2025-05-15 11:01:00,1,Driver,Front To Rear,Clear,Daylight,Unknown,Motor Vehicle In Transport,39.08680542,-76.95858199,No,Level,Dry,Traffic Signals,Intersection Or Related,Perpendicular,Straight,No Defects,Not Divided,County Route,Undisclosed
263,Montgomery,Injury Crash,2025-05-15 11:00:00,4,Nonmotorist,Single Vehicle,Clear,Daylight,Not Suspected,Pedalcycle,39.1677852,-77.17428102,No,Downhill,Dry,No/Unknown/Miscellaneous Control,Driveway Access Or Related,Non-Intersection,Curve Right,No Defects,Not Divided,County Route,Undisclosed
264,Montgomery,Property Damage Crash,2025-05-15 10:48:00,3,Driver,Front To Rear,Clear,Daylight,Not Suspected,Motor Vehicle In Transport,39.01058891,-77.15161823,No,Level,Dry,No/Unknown/Miscellaneous Control,Non-Junction,Non-Intersection,Straight,No Defects,"Divided, Raised Median (Curbed)",Interstate (State),Capital Beltway (Wb/L)
266,Montgomery,Property Damage Crash,2025-05-15 09:00:00,3,Driver,Front To Rear,Cloudy,Daylight,Not Suspected,Motor Vehicle In Transport,39.16945292,-77.19116149,No,Level,Wet,No/Unknown/Miscellaneous Control,Non-Junction,Non-Intersection,Straight,No Defects,"Divided, Raised Median (Curbed)",County Route,Centerway Rd
267,Montgomery,Property Damage Crash,2025-05-15 08:47:00,1,Driver,"Sideswipe, Same Direction",Cloudy,Daylight,Not Suspected,Motor Vehicle In Transport,38.994015,-76.99124683,No,Level,Dry,No/Unknown/Miscellaneous Control,Through Roadway,Non-Intersection,Straight,No Defects,Not Divided,County Route,10Th Ave
268,Montgomery,Injury Crash,2025-05-15 08:21:00,2,Unknown,Front To Rear,Cloudy,Daylight,Not Suspected,Motor Vehicle In Transport,39.05087889,-77.16406619,No,Level,Dry,No/Unknown/Miscellaneous Control,Non-Junction,Non-Intersection,Straight,No Defects,Not Divided,County Route,Undisclosed
269,Montgomery,Injury Crash,2025-05-15 08:08:00,2,Driver,"Sideswipe, Same Direction",Cloudy,Daylight,Not Suspected,Motor Vehicle In Transport,39.11003,-77.30287167,No,Hillcrest,Dry,Traffic Signals,Crossover-Related,Non-Intersection,Straight,No Defects,"Divided, Flush Median (Greater Than 4Ft Wide), Unknown",Maryland (State) Route,Undisclosed
271,Rockville,Property Damage Crash,2025-05-15 06:46:00,1,Driver,Single Vehicle,Clear,Daylight,Alcohol,"Other Post, Pole, Or Support",39.08513342,-77.15094421,No,Level,Wet,Traffic Signals,Intersection Or Related,Perpendicular,Straight,No Defects,Not Divided,Municipality Route,Maryland Ave
273,Montgomery,Property Damage Crash,2025-05-14 17:30:00,6,Driver,Angle,Clear,Daylight,Not Suspected,Motor Vehicle In Transport,39.00404891,-77.02365895,Unknown,Level,Dry,No/Unknown/Miscellaneous Control,Intersection Or Related,Perpendicular,Straight,No Defects,Not Divided,Us (State),Colesville Rd
274,Rockville,Property Damage Crash,2025-05-14 17:25:00,2,Unknown,Front To Rear,Clear,Daylight,Unknown,Motor Vehicle In Transport,39.05823972,-77.12468036,Unknown,Level,Dry,No/Unknown/Miscellaneous Control,Non-Junction,Non-Intersection,Straight,No Defects,Not Divided,Municipality Route,Rollins Ave
275,Montgomery,Property Damage Crash,2025-05-14 17:20:00,2,Driver,Front To Rear,Clear,Daylight,Not Suspected,Motor Vehicle In Transport,39.03664476,-77.14801374,No,Uphill,Dry,No/Unknown/Miscellaneous Control,Non-Junction,Non-Intersection,Straight,No Defects,Not Divided,County Route,Westlake Dr