,agency_name,acrs_report_type,crash_date_time,number_of_lanes,at_fault,collision_type,weather,light,driver_substance_abuse,first_harmful_event,latitude,longitude,hit_run,road_grade,surface_condition,traffic_control,junction,intersection_type,road_alignment,road_condition,road_division,route_type,road_name
450,Montgomery,Property Damage Crash,2025-05-07 16:41:00,3,Driver,Angle,Clear,Daylight,Not Suspected,Motor Vehicle In Transport,39.09365,-77.0781175,No,Uphill,Dry,No/Unknown/Miscellaneous Control,Crossover-Related,Non-Intersection,Straight,No Defects,"Divided, Flush Median (Greater Than 4Ft Wide)",County Route,Undisclosed
451,Montgomery,Property Damage Crash,2025-05-07 16:30:00,3,Driver,Front To Rear,Clear,Daylight,Not Suspected,Motor Vehicle In Transport,39.0579055,-76.96876833,No,Level,Dry,Traffic Signals,Non-Junction,Non-Intersection,Straight,No Defects,"Divided, Flush Median (Greater Than 4Ft Wide)",Us (State),Columbia Pike (Sb/L)
452,Montgomery,Injury Crash,2025-05-07 15:56:00,2,Driver,Front To Rear,Clear,Daylight,Not Suspected,Motor Vehicle In Transport,39.10797309,-77.15223122,No,Level,Dry,Signs,Intersection Or Related,Angled/Skewed,Straight,No Defects,"Divided, Depressed Median",Private Route,Undisclosed
453,Montgomery,Injury Crash,2025-05-07 15:45:00,"1, 2",Driver,Angle,Clear,Daylight,Not Suspected,Motor Vehicle In Transport,39.10000117,-77.00387483,No,Level,Dry,No/Unknown/Miscellaneous Control,Non-Junction,Non-Intersection,Straight,No Defects,"Divided, Raised Median (Curbed)",Maryland (State) Route,New Hampshire Ave (Sb/L)
454,Montgomery,Property Damage Crash,2025-05-07 14:16:00,1,Unknown,"Sideswipe, Same Direction",Clear,Daylight,Not Suspected,Motor Vehicle In Transport,39.04606372,-77.03894311,No,Level,Dry,No/Unknown/Miscellaneous Control,Non-Junction,Non-Intersection,Straight,No Defects,Not Divided,County Route,Franwall Ave
455,Rockville,Property Damage Crash,2025-05-07 14:11:00,4,Unknown,Single Vehicle,Clear,Daylight,Not Suspected,Pedalcycle,39.09189755,-77.15368625,No,Downhill,Dry,Signs,Through Roadway,Non-Intersection,Straight,No Defects,"Divided, Raised Median (Curbed)",Spur,Undisclosed
456,Montgomery,Injury Crash,2025-05-07 13:47:00,1,Unknown,Single Vehicle,Clear,Daylight,Not Suspected,Curb,39.24448839,-77.27997618,No,Uphill,Dry,No/Unknown/Miscellaneous Control,Non-Junction,Non-Intersection,Straight,No Defects,Not Divided,County Route,Catawba Manor Way
457,Montgomery,Injury Crash,2025-05-07 12:57:00,2,Unknown,Single Vehicle,Clear,Daylight,Unknown,Pedestrian,39.04308501,-77.05313664,No,Level,Dry,Signs,Intersection Or Related,Perpendicular,Straight,No Defects,Not Divided,County Route,Grandview Ave
459,Montgomery,Property Damage Crash,2025-05-07 09:18:00,6,Driver,"Sideswipe, Same Direction",Clear,Daylight,Not Suspected,Motor Vehicle In Transport,38.99752494,-77.02706137,No,Level,Dry,Traffic Signals,Non-Junction,Non-Intersection,Straight,No Defects,Not Divided,Us (State),Colesville Rd
460,Montgomery,Property Damage Crash,2025-05-07 07:28:00,3,Unknown,"Sideswipe, Same Direction",Clear,Daylight,Unknown,Motor Vehicle In Transport,39.00545994,-77.03803187,Unknown,Level,Dry,No/Unknown/Miscellaneous Control,Non-Junction,Non-Intersection,Straight,No Defects,"Divided, Depressed Median, Divided, Flush Median (Greater Than 4Ft Wide)",Maryland (State) Route,Georgia Ave
462,Montgomery,Property Damage Crash,2025-05-07 06:40:00,3,Unknown,Single Vehicle,Clear,Daylight,Not Suspected,Other Non-Collision,39.13740745,-77.1330398,No,Level,Dry,No/Unknown/Miscellaneous Control,Non-Junction,Non-Intersection,Straight,No Defects,"Divided, Raised Median (Curbed)",Maryland (State) Route,Intercounty Connector
463,Rockville,Property Damage Crash,2025-05-07 04:24:00,3,Unknown,Single Vehicle,Clear,Dark - Lighted,Unknown,Curb,39.07727104,-77.13945286,No,Level,Dry,Traffic Signals,Through Roadway,Non-Intersection,Straight,No Defects,"Divided, Raised Median (Curbed)",Maryland (State) Route,First St (Sb/L)
464,Gaithersburg,Injury Crash,2025-05-07 00:09:00,"3, 4",Driver,Rear To Side,Rain,Dark - Lighted,Not Suspected,Motor Vehicle In Transport,39.15346221,-77.23096407,No,Level,Wet,Traffic Signals,Intersection Or Related,Perpendicular,Straight,No Defects,"Divided, Raised Median (Curbed)",Other Public Roadway,W Watkins Mill Rd (Sb/L)
465,Takoma,Property Damage Crash,2025-05-06 21:20:00,2,Driver,"Sideswipe, Same Direction",Clear,Dark - Lighted,Not Suspected,Motor Vehicle In Transport,38.98896295,-76.98784343,No,Level,"Mud, Dirt, Gravel",No/Unknown/Miscellaneous Control,Intersection Or Related,Perpendicular,Straight,Loose Surface Material,"Divided, Raised Median (Curbed)",Maryland (State) Route,New Hampshire Ave (Sb/L)
467,Gaithersburg,Property Damage Crash,2025-05-06 20:20:00,2,Driver,Angle,Clear,Dark - Lighted,Not Suspected,Motor Vehicle In Transport,39.13603917,-77.25058217,No,Level,Dry,No/Unknown/Miscellaneous Control,Non-Junction,Non-Intersection,Straight,No Defects,"Divided, Flush Median (Greater Than 4Ft Wide)",Maryland (State) Route,Great Seneca Hwy
468,Montgomery,Injury Crash,2025-05-06 19:39:00,1,Unknown,Single Vehicle,Clear,Dusk,Not Suspected,Mailbox,38.986289,-77.20948667,No,Level,Dry,No/Unknown/Miscellaneous Control,Non-Junction,Non-Intersection,Straight,No Defects,Not Divided,County Route,New London Dr
469,Gaithersburg,Property Damage Crash,2025-05-06 19:29:00,1,Driver,Front To Rear,Clear,Daylight,Not Suspected,Motor Vehicle In Transport,39.1321145,-77.18905818,No,Level,Dry,Traffic Signals,Intersection Or Related,Perpendicular,Straight,No Defects,Not Divided,Municipality Route,W Deer Park Rd
470,Montgomery,Injury Crash,2025-05-06 19:27:00,3,Driver,Front To Rear,Clear,Daylight,Not Suspected,Motor Vehicle In Transport,39.02762621,-77.07703612,No,Level,Dry,Traffic Signals,Non-Junction,Non-Intersection,Straight,No Defects,"Not Divided, Not Divided, With A Continuous Left-Turn Lane",Maryland (State) Route,Knowles Ave
471,Montgomery,Property Damage Crash,2025-05-06 18:34:00,7,Driver,Front To Rear,Clear,Daylight,Not Suspected,Motor Vehicle In Transport,39.01329709,-77.0036993,No,Level,Dry,No/Unknown/Miscellaneous Control,Intersection Or Related,Perpendicular,Straight,No Defects,"Divided, Raised Median (Curbed)",Maryland (State) Route,University Blvd E
472,Montgomery,Injury Crash,2025-05-06 18:32:00,3,Driver,Front To Rear,Clear,Daylight,Not Suspected,Motor Vehicle In Transport,39.13194215,-77.18865152,No,Level,Dry,Traffic Signals,Through Roadway,Non-Intersection,Straight,No Defects,"Divided, Raised Median (Curbed)",Maryland (State) Route,S Frederick Rd
473,Montgomery,Injury Crash,2025-05-06 16:35:00,6,Driver,Rear To Side,Clear,Daylight,Not Suspected,Motor Vehicle In Transport,39.00516786,-77.03783935,No,Level,Dry,Other,Intersection Or Related,Perpendicular,Straight,No Defects,"Divided, Flush Median (Greater Than 4Ft Wide), Not Divided",County Route,Grace Church Rd
474,Montgomery,Injury Crash,2025-05-06 16:25:00,2,Driver,Front To Rear,Clear,Daylight,Not Suspected,Motor Vehicle In Transport,39.0046275,-77.139266,No,Uphill,Dry,No/Unknown/Miscellaneous Control,Non-Junction,Non-Intersection,Straight,No Defects,Not Divided,Maryland (State) Route,Bradley Blvd
476,Montgomery,Property Damage Crash,2025-05-06 15:54:00,3,Driver,Angle,Clear,Daylight,Not Suspected,Motor Vehicle In Transport,39.02974604,-77.07578323,No,Level,Dry,Traffic Signals,Non-Junction,Non-Intersection,Curve Right,No Defects,"Divided, Raised Median (Curbed)",Maryland (State) Route,Connecticut Ave
477,Montgomery,Property Damage Crash,2025-05-06 15:26:00,2,Driver,"Sideswipe, Same Direction",Clear,Daylight,Not Suspected,Parked Vehicle,39.02145033,-77.0387765,No,Level,Dry,No/Unknown/Miscellaneous Control,Non-Junction,Non-Intersection,Straight,No Defects,Not Divided,County Route,Cody Dr
478,Montgomery,Injury Crash,2025-05-06 15:24:00,2,Unknown,Single Vehicle,Rain,Daylight,Not Suspected,Utility Pole/Light Support,39.1394645,-77.3568199,No,Level,Wet,No/Unknown/Miscellaneous Control,Non-Junction,Non-Intersection,Curve Right,No Defects,Not Divided,Maryland (State) Route,Undisclosed
480,Montgomery,Injury Crash,2025-05-06 12:39:00,4,Driver,Angle,Clear,Daylight,Not Suspected,Motor Vehicle In Transport,39.12123676,-76.98895008,No,Level,Dry,Traffic Signals,Intersection Or Related,Perpendicular,Straight,No Defects,"Divided, Raised Median (Curbed)",Maryland (State) Route,New Hampshire Ave (Sb/L)
481,Montgomery,Injury Crash,2025-05-06 12:19:00,3,Unknown,Single Vehicle,Clear,Daylight,Not Suspected,Pedalcycle,38.9934644,-77.09608134,No,Level,Dry,No/Unknown/Miscellaneous Control,Intersection Or Related,Perpendicular,Straight,No Defects,"Divided, Raised Median (Curbed)",County Route,Chestnut St
484,Mcpark,Property Damage Crash,2025-05-06 11:30:00,1,Unknown,Front To Rear,Clear,Daylight,Unknown,Motor Vehicle In Transport,39.06563871,-76.98024034,Unknown,Level,Dry,Signs,Intersection Or Related,Perpendicular,Straight,No Defects,Not Divided,County Route,Laurie Dr
485,Montgomery,Property Damage Crash,2025-05-06 11:00:00,3,Driver,"Sideswipe, Same Direction",Clear,Daylight,Not Suspected,Motor Vehicle In Transport,39.07549204,-76.99615361,No,"Downhill, Level",Dry,No/Unknown/Miscellaneous Control,Non-Junction,Non-Intersection,Straight,No Defects,"Divided, Raised Median (Curbed)",County Route,E Randolph Rd (Wb/L)
486,Montgomery,Injury Crash,2025-05-06 10:48:00,1,Unknown,Single Vehicle,Clear,Daylight,Not Suspected,Overturn/Rollover,39.1126325,-77.24029055,No,Level,Dry,No/Unknown/Miscellaneous Control,Non-Junction,Non-Intersection,Straight,No Defects,Not Divided,Municipality Route,Main St
487,Montgomery,Property Damage Crash,2025-05-06 10:35:00,1,Unknown,Single Vehicle,Cloudy,Daylight,Not Suspected,"Other Fixed Object (Wall, Building, Tunnel, Etc.)",39.16996197,-77.20979993,Unknown,Level,Dry,No/Unknown/Miscellaneous Control,Non-Junction,Non-Intersection,"Curve Left, Straight",No Defects,Not Divided,County Route,North Kindly Ct
488,Montgomery,Property Damage Crash,2025-05-06 10:30:00,"2, 3",Driver,Angle,Clear,Daylight,Not Suspected,Motor Vehicle In Transport,39.06529742,-76.97828322,No,"Level, Uphill",Dry,Other,Entrance/Exit Ramp Or Related,Non-Intersection,"Curve Right, Straight",No Defects,Not Divided,County Route,E Randolph Rd (Wb/L)
489,Montgomery,Property Damage Crash,2025-05-06 09:36:00,5,Driver,Front To Rear,Clear,Daylight,Not Suspected,Motor Vehicle In Transport,39.00591416,-77.07544109,No,Level,Dry,No/Unknown/Miscellaneous Control,Through Roadway,Non-Intersection,Straight,No Defects,"Divided, Raised Median (Curbed)",Interstate (State),Capital Beltway (Wb/L)
491,Montgomery,Property Damage Crash,2025-05-06 08:50:00,2,Driver,"Sideswipe, Same Direction",Cloudy,Daylight,Not Suspected,Motor Vehicle In Transport,39.22687272,-77.29070558,No,Level,Dry,Signs,Intersection Or Related,Roundabout/Traffic Circle,Curve Left,No Defects,Not Divided,Crossover,Undisclosed
492,Montgomery,Injury Crash,2025-05-06 08:35:00,3,Driver,Front To Rear,Cloudy,Daylight,Not Suspected,Motor Vehicle In Transport,39.02928042,-76.98408392,No,Level,Wet,No/Unknown/Miscellaneous Control,Through Roadway,Non-Intersection,Straight,No Defects,"Divided, Raised Median (Curbed)",Crossover,Undisclosed
493,Mcpark,Property Damage Crash,2025-05-06 08:27:00,2,Unknown,Single Vehicle,Clear,Daylight,Unknown,Other Traffic Barrier,39.01944751,-77.09768338,Yes,Level,Dry,No/Unknown/Miscellaneous Control,Through Roadway,Non-Intersection,Straight,No Defects,Not Divided,Government Route,Beach Dr
494,Takoma,Property Damage Crash,2025-05-06 07:29:00,1,Unknown,Front To Rear,Cloudy,Daylight,Unknown,Motor Vehicle In Transport,38.9759691,-77.00743135,No,Uphill,Dry,Signs,Intersection Or Related,Perpendicular,Straight,No Defects,Not Divided,Municipality Route,Hickory Ave
495,Montgomery,Injury Crash,2025-05-06 06:45:00,2,Driver,Other,Cloudy,Daylight,Not Suspected,Motor Vehicle In Transport,39.08685633,-77.07381667,No,Level,Wet,No/Unknown/Miscellaneous Control,Intersection Or Related,Perpendicular,Straight,No Defects,"Not Divided, With A Continuous Left-Turn Lane",County Route,Connecticut Ave
496,Montgomery,Property Damage Crash,2025-05-06 06:36:00,3,Driver,Front To Rear,Cloudy,Daylight,Not Suspected,Motor Vehicle In Transport,39.03365566,-77.07497399,No,Level,Wet,No/Unknown/Miscellaneous Control,Through Roadway,Non-Intersection,Curve Right,No Defects,"Divided, Raised Median (Curbed)",Maryland (State) Route,Connecticut Ave (Sb/L)
497,Montgomery,Property Damage Crash,2025-05-06 00:19:00,"2, 3",Driver,Front To Rear,Rain,Dark - Lighted,Alcohol,Motor Vehicle In Transport,39.11689681,-77.20123233,No,Level,Wet,Signs,Intersection Or Related,Roundabout/Traffic Circle,"Curve Left, Straight",No Defects,Not Divided,Municipality Route,Washingtonian Blvd
499,Montgomery,Property Damage Crash,2025-05-05 22:15:00,5,Driver,Single Vehicle,Rain,Dark - Lighted,Not Suspected,Curb,39.20185083,-77.25311114,No,Level,Wet,Traffic Signals,Intersection Or Related,Perpendicular,Straight,No Defects,"Divided, Raised Median (Curbed)",County Route,Observation Dr
500,Montgomery,Property Damage Crash,2025-05-05 22:11:00,6,Unknown,Front To Rear,Rain,Dark - Lighted,Unknown,Motor Vehicle In Transport,39.00512825,-77.02287404,Unknown,Level,Wet,Other,Intersection Or Related,Perpendicular,Straight,No Defects,Not Divided,Us (State),Undisclosed
501,Takoma,Property Damage Crash,2025-05-05 20:13:00,3,Unknown,Angle,Rain,Dark - Lighted,Unknown,Motor Vehicle In Transport,38.98035961,-76.98978999,Unknown,Level,Wet,No/Unknown/Miscellaneous Control,Through Roadway,Non-Intersection,Straight,No Defects,"Divided, Raised Median (Curbed)",Maryland (State) Route,New Hampshire Ave (Sb/L)
502,Montgomery,Injury Crash,2025-05-05 20:08:00,1,Driver,Single Vehicle,Rain,Dark - Lighted,Not Suspected,Other Non-Motorist,39.15040469,-77.0661939,No,Level,Wet,Signs,Intersection Or Related,Perpendicular,Straight,No Defects,Not Divided,County Route,Undisclosed
503,Montgomery,Property Damage Crash,2025-05-05 18:51:00,3,Driver,Front To Rear,Clear,Daylight,Not Suspected,Motor Vehicle In Transport,39.03315829,-77.04883459,No,Level,Dry,No/Unknown/Miscellaneous Control,Non-Junction,Non-Intersection,Straight,No Defects,"Divided, Flush Median (Greater Than 4Ft Wide)",Maryland (State) Route,Georgia Ave (Sb/L)
504,Montgomery,Injury Crash,2025-05-05 18:15:00,2,Nonmotorist,Single Vehicle,Clear,Daylight,Not Suspected,Pedalcycle,39.18953575,-77.22873291,No,Downhill,Dry,Signs,Intersection Or Related,Angled/Skewed,Straight,No Defects,Not Divided,County Route,Cross Laurel Dr
505,Montgomery,Property Damage Crash,2025-05-05 17:50:00,"1, 2",Driver,"Sideswipe, Opposite Direction",Clear,Daylight,Not Suspected,Motor Vehicle In Transport,39.03770107,-77.02615602,Unknown,Level,Dry,No/Unknown/Miscellaneous Control,Non-Junction,Non-Intersection,Straight,No Defects,Not Divided,County Route,Hoyt St
506,Montgomery,Property Damage Crash,2025-05-05 16:39:00,6,Driver,Front To Rear,Clear,Daylight,Not Suspected,Motor Vehicle In Transport,39.00877397,-77.04026049,No,Level,Dry,Traffic Signals,Intersection Or Related,Perpendicular,Straight,No Defects,Not Divided,Maryland (State) Route,Georgia Ave
507,Montgomery,Property Damage Crash,2025-05-05 16:18:00,1,Unknown,"Sideswipe, Opposite Direction",Rain,Daylight,Not Suspected,Motor Vehicle In Transport,39.23729333,-77.07170167,No,Level,Wet,No/Unknown/Miscellaneous Control,Non-Junction,Non-Intersection,Straight,No Defects,Not Divided,County Route,Howard Chapel Rd
508,Montgomery,Injury Crash,2025-05-05 15:57:00,4,Unknown,Front To Rear,Rain,Daylight,Not Suspected,Motor Vehicle In Transport,39.10662217,-76.92001583,No,Level,Wet,Signs,Intersection Or Related,Perpendicular,Straight,No Defects,Not Divided,Maryland (State) Route,Sandy Spring Rd
509,Gaithersburg,Property Damage Crash,2025-05-05 14:50:00,"1, 2",Driver,Rear To Side,Cloudy,Daylight,Not Suspected,Motor Vehicle In Transport,39.12308,-77.2336555,No,"Level, Uphill",Wet,Other,Driveway Access Or Related,Non-Intersection,Straight,No Defects,"Divided, Raised Median (Curbed), Not Divided",Local Route,No Name
511,Montgomery,Property Damage Crash,2025-05-05 14:45:00,3,Driver,Front To Rear,Rain,Daylight,Not Suspected,Motor Vehicle In Transport,39.10463143,-77.20093877,No,Level,Wet,Traffic Signals,Acceleration/Deceleration Lane,Non-Intersection,"Curve Left, Straight",No Defects,Not Divided,County Route,Broschart Rd
512,Montgomery,Property Damage Crash,2025-05-05 14:22:00,2,Unknown,"Sideswipe, Same Direction",Rain,Daylight,Not Suspected,Parked Vehicle,39.044439,-77.14596817,No,Level,Wet,No/Unknown/Miscellaneous Control,Acceleration/Deceleration Lane,Non-Intersection,Straight,No Defects,Not Divided,County Route,Tilden La
514,Montgomery,Injury Crash,2025-05-05 12:55:00,6,Driver,Front To Rear,Cloudy,Daylight,Not Suspected,Motor Vehicle In Transport,39.12108074,-76.98905986,No,Uphill,Wet,Traffic Signals,Intersection Or Related,Perpendicular,Straight,No Defects,"Divided, Raised Median (Curbed)",Maryland (State) Route,New Hampshire Ave (Sb/L)
515,Montgomery,Injury Crash,2025-05-05 12:52:00,1,Driver,Single Vehicle,Cloudy,Daylight,Not Suspected,Curb,38.99967267,-77.04352517,No,Level,Dry,Signs,Intersection Or Related,Angled/Skewed,Straight,No Defects,Not Divided,County Route,Porter Rd
517,Montgomery,Injury Crash,2025-05-05 11:39:00,4,Driver,Angle,Cloudy,Daylight,Not Suspected,Motor Vehicle In Transport,39.0998978,-77.00373805,No,Level,Dry,Human/Pedestrian Control,Intersection Or Related,Perpendicular,Straight,No Defects,"Divided, Raised Median (Curbed)",Maryland (State) Route,New Hampshire Ave (Sb/L)
518,Montgomery,Property Damage Crash,2025-05-05 11:30:00,2,Driver,Front To Front,Clear,Daylight,Not Suspected,Motor Vehicle In Transport,39.04723554,-77.03802571,No,Level,Dry,No/Unknown/Miscellaneous Control,Non-Junction,Non-Intersection,Straight,No Defects,Not Divided,County Route,Arcola Ave
519,Montgomery,Property Damage Crash,2025-05-05 10:51:00,3,Unknown,Angle,Clear,Daylight,Not Suspected,Motor Vehicle In Transport,39.04422531,-77.11140176,No,Level,Dry,No/Unknown/Miscellaneous Control,Driveway Access Or Related,Non-Intersection,Straight,No Defects,"Divided, Raised Median (Curbed)",Maryland (State) Route,Rockville Pike
521,Montgomery,Property Damage Crash,2025-05-05 09:35:00,1,Driver,Angle,Cloudy,Daylight,Not Suspected,Motor Vehicle In Transport,38.97997421,-77.1110315,No,"Level, Uphill",Dry,Other,Non-Junction,Non-Intersection,Straight,No Defects,"Divided, Flush Median (Greater Than 4Ft Wide), Not Divided",Maryland (State) Route,Bradley Blvd
522,Montgomery,Property Damage Crash,2025-05-05 08:18:00,1,Driver,Front To Rear,Clear,Daylight,Not Suspected,Motor Vehicle In Transport,39.10748794,-76.93839124,No,Level,Dry,No/Unknown/Miscellaneous Control,Acceleration/Deceleration Lane,Non-Intersection,Straight,No Defects,"Divided, Flush Median (Greater Than 4Ft Wide)",Maryland (State) Route,Spencerville Rd
523,Montgomery,Property Damage Crash,2025-05-05 08:11:00,4,Unknown,"Sideswipe, Same Direction",Clear,Daylight,Unknown,Motor Vehicle In Transport,38.98354534,-77.09613999,Unknown,Level,Dry,Traffic Signals,Intersection Or Related,Perpendicular,Straight,No Defects,Not Divided,County Route,Montgomery La
524,Montgomery,Property Damage Crash,2025-05-05 07:50:00,2,Unknown,Front To Rear,Clear,Daylight,Not Suspected,Motor Vehicle In Transport,39.12892398,-76.92113432,No,Level,Dry,No/Unknown/Miscellaneous Control,Non-Junction,Non-Intersection,Straight,No Defects,"Divided, Flush Median (Greater Than 4Ft Wide)",Us (State),Columbia Pike
525,Gaithersburg,Property Damage Crash,2025-05-05 07:35:00,3,Unknown,Angle,Clear,Daylight,Unknown,Motor Vehicle In Transport,39.12467129,-77.18099507,Unknown,Level,Dry,No/Unknown/Miscellaneous Control,Acceleration/Deceleration Lane,Non-Intersection,Straight,No Defects,Not Divided,Maryland (State) Route,Frederick Rd (Sb/L)
526,Montgomery,Property Damage Crash,2025-05-05 07:35:00,1,Driver,Single Vehicle,Cloudy,Daylight,Not Suspected,Other Non-Fixed Object,39.21109476,-77.15271494,No,Uphill,Wet,No/Unknown/Miscellaneous Control,Non-Junction,Non-Intersection,Straight,No Defects,Not Divided,County Route,Brink Rd (Wb/L)
527,Montgomery,Property Damage Crash,2025-05-05 07:22:00,2,Unknown,"Sideswipe, Same Direction",Clear,Daylight,Not Suspected,Parked Vehicle,39.0288115,-77.00519533,No,Level,Dry,No/Unknown/Miscellaneous Control,Non-Junction,Non-Intersection,Curve Left,No Defects,Not Divided,County Route,Whitmoor Terr
528,Montgomery,Injury Crash,2025-05-05 07:20:00,"3, 4",Driver,Angle,Cloudy,Daylight,Not Suspected,Motor Vehicle In Transport,39.02698013,-77.13241081,No,Level,Dry,Traffic Signals,Intersection Or Related,Perpendicular,Straight,No Defects,"Divided, Raised Median (Curbed)",County Route,Rockledge Dr
529,Montgomery,Injury Crash,2025-05-05 06:58:00,2,Driver,Front To Rear,Cloudy,Daylight,Not Suspected,Motor Vehicle In Transport,38.99603853,-77.0659546,No,Uphill,Wet,No/Unknown/Miscellaneous Control,Non-Junction,Non-Intersection,Straight,No Defects,"Not Divided, Unknown",County Route,Jones Mill Rd
531,Montgomery,Injury Crash,2025-05-05 05:50:00,3,Nonmotorist,Single Vehicle,Clear,Dawn,Not Suspected,Pedestrian,39.04179456,-77.05172645,No,Level,Dry,No/Unknown/Miscellaneous Control,Non-Junction,Non-Intersection,Straight,No Defects,"Divided, Raised Median (Curbed)",Maryland (State) Route,Georgia Ave
532,Montgomery,Injury Crash,2025-05-05 05:40:00,2,Driver,Front To Front,Clear,Dawn,Not Suspected,Motor Vehicle In Transport,39.0123648,-77.09087409,No,Level,Dry,Traffic Signals,Non-Junction,Non-Intersection,Straight,No Defects,Not Divided,County Route,Undisclosed
534,Rockville,Property Damage Crash,2025-05-04 22:21:00,3,Unknown,Front To Rear,Clear,Dark - Lighted,Not Suspected,Motor Vehicle In Transport,39.0851863,-77.14819562,No,Level,Dry,Traffic Signals,Through Roadway,Non-Intersection,Straight,No Defects,"Divided, Depressed Median, Divided, Raised Median (Curbed)",Municipality Route,Undisclosed
535,Montgomery,Property Damage Crash,2025-05-04 22:03:00,2,Unknown,Angle,Clear,Dark - Lighted,Unknown,Motor Vehicle In Transport,38.99903431,-76.99094879,Unknown,Downhill,Dry,No/Unknown/Miscellaneous Control,Driveway Access Or Related,Non-Intersection,Straight,No Defects,Not Divided,County Route,Undisclosed
537,Montgomery,Property Damage Crash,2025-05-04 19:34:00,3,Unknown,Front To Rear,Clear,Daylight,Unknown,Motor Vehicle In Transport,39.01990224,-77.01346039,Unknown,Level,Dry,Traffic Signals,Non-Junction,Non-Intersection,Straight,No Defects,Not Divided,Maryland (State) Route,University Blvd W
538,Montgomery,Property Damage Crash,2025-05-04 19:20:00,2,Unknown,"Sideswipe, Same Direction",Clear,Daylight,Unknown,Motor Vehicle In Transport,38.99194384,-77.02653355,Unknown,Level,Dry,No/Unknown/Miscellaneous Control,Non-Junction,Non-Intersection,Straight,Holes Ruts Etc,Not Divided,Us (State),Georgia Ave
539,Montgomery,Injury Crash,2025-05-04 18:30:00,4,Driver,Rear To Rear,Clear,Daylight,Not Suspected,Motor Vehicle In Transport,39.11755308,-77.18366572,No,Level,Dry,Traffic Signals,Non-Junction,Non-Intersection,Straight,No Defects,Not Divided,County Route,Shady Grove Rd (Sb/L)
540,Montgomery,Property Damage Crash,2025-05-04 17:38:00,1,Unknown,Rear To Side,Clear,Daylight,Not Suspected,Motor Vehicle In Transport,39.21198634,-77.14258647,No,Level,Wet,Traffic Signals,Intersection Or Related,Angled/Skewed,Straight,No Defects,Not Divided,Maryland (State) Route,Laytonsville Rd
543,Montgomery,Property Damage Crash,2025-05-04 17:05:00,1,Unknown,Front To Rear,Clear,Daylight,Other,Motor Vehicle In Transport,39.17397723,-77.25019972,Unknown,"Downhill, Level",Dry,No/Unknown/Miscellaneous Control,Entrance/Exit Ramp Or Related,Non-Intersection,Straight,No Defects,Not Divided,County Route,Middlebrook Rd
544,Montgomery,Property Damage Crash,2025-05-04 16:00:00,1,Unknown,Front To Rear,Clear,Daylight,Unknown,Motor Vehicle In Transport,39.14871873,-77.14760455,Unknown,Level,Dry,Traffic Signals,Intersection Or Related,Perpendicular,Straight,No Defects,Not Divided,Maryland (State) Route,Muncaster Mill Rd
547,Montgomery,Property Damage Crash,2025-05-04 13:22:00,6,Driver,Angle,Rain,Daylight,Not Suspected,Motor Vehicle In Transport,39.10348076,-77.15585294,No,Level,Wet,Traffic Signals,Intersection Or Related,Angled/Skewed,Straight,No Defects,"Divided, Raised Median (Curbed)",Maryland (State) Route,Hungerford Dr
548,Rockville,Injury Crash,2025-05-04 12:54:00,4,Unknown,"Sideswipe, Opposite Direction",Rain,Daylight,Not Suspected,Motor Vehicle In Transport,39.11244232,-77.16189867,No,Level,Wet,Other,Through Roadway,Non-Intersection,Straight,No Defects,"Divided, Raised Median (Curbed)",Municipality Route,Watkins Pond Blvd