,agency_name,acrs_report_type,crash_date_time,number_of_lanes,at_fault,collision_type,weather,light,driver_substance_abuse,first_harmful_event,latitude,longitude,hit_run,road_grade,surface_condition,traffic_control,junction,intersection_type,road_alignment,road_condition,road_division,route_type,road_name
722,Montgomery,Injury Crash,2025-04-28 20:00:00,2,Nonmotorist,Single Vehicle,Clear,Dusk,Not Suspected,Pedalcycle,39.00255353,-77.09729803,No,Level,Dry,Traffic Signals,Intersection Or Related,Perpendicular,Straight,No Defects,Not Divided,Maryland (State) Route,Rockville Pike (Sb/L)
723,Montgomery,Property Damage Crash,2025-04-28 19:43:00,1,Unknown,Single Vehicle,Clear,Daylight,Not Suspected,Pedalcycle,39.01952764,-77.01077837,No,Level,Dry,Traffic Signals,Intersection Or Related,Perpendicular,Straight,No Defects,Not Divided,Maryland (State) Route,University Blvd E (Wb/L)
724,Montgomery,Injury Crash,2025-04-28 18:44:00,2,Driver,"Sideswipe, Same Direction",Clear,Daylight,Not Suspected,Motor Vehicle In Transport,39.159586,-77.15982233,No,Level,Dry,No/Unknown/Miscellaneous Control,Non-Junction,Non-Intersection,Straight,No Defects,"Divided, Raised Median (Curbed)",Maryland (State) Route,Woodfield Rd
725,Montgomery,Injury Crash,2025-04-28 18:00:00,3,Driver,Front To Rear,Clear,Daylight,Not Suspected,Motor Vehicle In Transport,39.02678933,-77.01049117,No,Uphill,Dry,No/Unknown/Miscellaneous Control,Through Roadway,Non-Intersection,Straight,No Defects,"Divided, Raised Median (Curbed)",Us (State),Colesville Rd (Sb/L)
726,Montgomery,Property Damage Crash,2025-04-28 17:40:00,1,Driver,Angle,Clear,Daylight,Not Suspected,Motor Vehicle In Transport,39.18162676,-77.2317398,No,Level,Dry,Other,Intersection Or Related,Perpendicular,Straight,No Defects,"Divided, Flush Median (Greater Than 4Ft Wide)",County Route,Scenery Dr
728,Rockville,Property Damage Crash,2025-04-28 17:30:00,1,Driver,Angle,Clear,Daylight,Not Suspected,Motor Vehicle In Transport,39.09667246,-77.13788348,No,"Hillcrest, Uphill",Dry,No/Unknown/Miscellaneous Control,Intersection Or Related,Perpendicular,Straight,No Defects,Not Divided,Municipality Route,Lofstrand La
729,Montgomery,Property Damage Crash,2025-04-28 17:24:00,3,Driver,"Sideswipe, Same Direction",Clear,Daylight,Not Suspected,Motor Vehicle In Transport,39.03111465,-77.00462579,No,Level,Dry,No/Unknown/Miscellaneous Control,Non-Junction,Non-Intersection,Straight,No Defects,"Divided, Raised Median (Curbed)",Us (State),Columbia Pike
730,Rockville,Property Damage Crash,2025-04-28 16:58:00,2,Driver,Single Vehicle,Clear,Daylight,Not Suspected,"Other Post, Pole, Or Support",39.10091629,-77.18242238,No,Uphill,Dry,No/Unknown/Miscellaneous Control,Non-Junction,Non-Intersection,Curve Left,No Defects,Not Divided,Municipality Route,Research Blvd
735,Montgomery,Property Damage Crash,2025-04-28 14:43:00,2,Unknown,Front To Front,Clear,Daylight,Unknown,Motor Vehicle In Transport,39.04484483,-77.10905233,Unknown,Level,Dry,Traffic Signals,Intersection Or Related,Perpendicular,Straight,No Defects,Not Divided,Local Route,Citadel Ave
738,Montgomery,Property Damage Crash,2025-04-28 13:26:00,3,Unknown,Single Vehicle,Clear,Daylight,Not Suspected,Tree (Standing),39.01358521,-76.97824068,No,Uphill,Dry,No/Unknown/Miscellaneous Control,Non-Junction,Non-Intersection,Straight,No Defects,"Divided, Raised Median (Curbed)",Maryland (State) Route,New Hampshire Ave
739,Montgomery,Injury Crash,2025-04-28 13:18:00,3,Driver,"Sideswipe, Same Direction",Clear,Daylight,Not Suspected,Motor Vehicle In Transport,39.08064397,-77.07534419,No,Level,Dry,Traffic Signals,Intersection Or Related,Perpendicular,Straight,No Defects,"Divided, Flush Median (Greater Than 4Ft Wide)",Maryland (State) Route,Georgia Ave (Sb/L)
742,Montgomery,Injury Crash,2025-04-28 12:11:00,3,Unknown,Single Vehicle,Clear,Daylight,Not Suspected,Pedestrian,39.03848093,-77.10844427,No,Level,Dry,No/Unknown/Miscellaneous Control,Through Roadway,Non-Intersection,Straight,No Defects,"Divided, Flush Median (Greater Than 4Ft Wide)",Maryland (State) Route,Rockville Pike
743,Montgomery,Injury Crash,2025-04-28 11:57:00,6,Unknown,Angle,Clear,Daylight,Not Suspected,Motor Vehicle In Transport,39.10480695,-77.15715786,No,Level,Dry,No/Unknown/Miscellaneous Control,Non-Junction,Non-Intersection,Straight,No Defects,"Divided, Raised Median (Curbed)",Maryland (State) Route,Hungerford Dr (Sb/L)
744,Montgomery,Property Damage Crash,2025-04-28 10:04:00,1,Driver,Front To Rear,Clear,Daylight,Not Suspected,Parked Vehicle,39.178525,-77.23063333,No,Uphill,Dry,No/Unknown/Miscellaneous Control,Through Roadway,Non-Intersection,Curve Left,No Defects,Not Divided,County Route,Scenery Dr
745,Montgomery,Property Damage Crash,2025-04-28 09:45:00,4,Unknown,"Sideswipe, Same Direction",Clear,Daylight,Unknown,Motor Vehicle In Transport,39.01971706,-77.01318021,Unknown,Level,Dry,Traffic Signals,Intersection Or Related,Perpendicular,Straight,No Defects,"Divided, Raised Median (Curbed)",Us (State),Colesville Rd
746,Montgomery,Property Damage Crash,2025-04-28 09:00:00,5,Driver,Front To Rear,Clear,Daylight,Not Suspected,Motor Vehicle In Transport,39.07567265,-77.00208241,No,Level,Dry,Traffic Signals,Intersection Or Related,Angled/Skewed,Straight,No Defects,"Divided, Raised Median (Curbed)",Maryland (State) Route,New Hampshire Ave (Sb/L)
747,Montgomery,Property Damage Crash,2025-04-28 08:00:00,3,Nonmotorist,Single Vehicle,Clear,Daylight,Not Suspected,Pedalcycle,39.04149693,-77.05177486,No,Level,Dry,Traffic Signals,Intersection Or Related,Perpendicular,Straight,No Defects,"Divided, Raised Median (Curbed)",Maryland (State) Route,Georgia Ave (Sb/L)
748,Montgomery,Property Damage Crash,2025-04-28 07:53:00,2,Driver,Rear To Rear,Clear,Daylight,Not Suspected,Parked Vehicle,39.07160477,-77.07202072,No,Level,Dry,Other,Intersection Or Related,Perpendicular,Straight,No Defects,Not Divided,County Route,Kenway St
749,Montgomery,Property Damage Crash,2025-04-28 07:45:00,"1, 3",Driver,Front To Front,Clear,Daylight,Not Suspected,Motor Vehicle In Transport,39.07721717,-77.00193667,No,Level,Dry,No/Unknown/Miscellaneous Control,Non-Junction,Non-Intersection,Straight,No Defects,Not Divided,Maryland (State) Route,New Hampshire Ave (Sb/L)
751,Montgomery,Property Damage Crash,2025-04-28 06:19:00,3,Driver,Front To Rear,Clear,Daylight,Not Suspected,Motor Vehicle In Transport,39.17484427,-77.26102781,No,Level,Dry,Traffic Signals,Intersection Or Related,Angled/Skewed,Straight,No Defects,"Divided, Flush Median (Greater Than 4Ft Wide)",Maryland (State) Route,Great Seneca Hwy
752,Montgomery,Injury Crash,2025-04-28 06:15:00,3,Driver,Front To Rear,Clear,Daylight,Not Suspected,Motor Vehicle In Transport,39.18103667,-77.262355,No,Level,Dry,Traffic Signals,Intersection Or Related,Perpendicular,Straight,No Defects,"Divided, Raised Median (Curbed)",Maryland (State) Route,Germantown Rd
753,Montgomery,Property Damage Crash,2025-04-28 05:45:00,2,Unknown,Angle,Clear,Dark - Lighted,Not Suspected,Motor Vehicle In Transport,39.07710592,-77.12378853,No,Uphill,Dry,Traffic Signals,Intersection Or Related,Perpendicular,Straight,No Defects,"Divided, Raised Median (Curbed)",Maryland (State) Route,Veirs Mill Rd (Wb/L)
755,Rockville,Property Damage Crash,2025-04-28 00:55:00,5,Driver,Front To Rear,Clear,Dark - Not Lighted,Unknown,Motor Vehicle In Transport,39.10743521,-77.18399353,Unknown,Uphill,Dry,No/Unknown/Miscellaneous Control,Non-Junction,Non-Intersection,Straight,No Defects,"Divided, Raised Median (Curbed)",Interstate (State),Eisenhower Memorial Hwy
756,Montgomery,Property Damage Crash,2025-04-27 22:41:00,2,Driver,Front To Rear,Clear,Dark - Lighted,Unknown,Motor Vehicle In Transport,39.17536546,-77.257243,Unknown,Level,Dry,No/Unknown/Miscellaneous Control,Non-Junction,Non-Intersection,Straight,No Defects,"Divided, Raised Median (Curbed)",County Route,Middlebrook Rd (Wb/L)
757,Montgomery,Property Damage Crash,2025-04-27 22:05:00,2,Unknown,Single Vehicle,Clear,Dark - Not Lighted,Illegal Drugs,Ditch,39.19260755,-77.39504326,No,Downhill,Dry,No/Unknown/Miscellaneous Control,Non-Junction,Non-Intersection,Straight,No Defects,Not Divided,Maryland (State) Route,Beallsville Rd
758,Montgomery,Injury Crash,2025-04-27 21:17:00,3,Unknown,Front To Rear,Clear,Dark - Lighted,Unknown,Motor Vehicle In Transport,39.05633307,-77.11869681,Unknown,Level,Dry,Traffic Signals,Non-Junction,Non-Intersection,Straight,No Defects,Not Divided,County Route,Bou Ave
759,Takoma,Property Damage Crash,2025-04-27 20:31:00,1,Unknown,Other,Clear,Dark - Lighted,Not Suspected,Motor Vehicle In Transport,38.97618289,-76.99682597,No,"Level, Uphill",Dry,No/Unknown/Miscellaneous Control,Intersection Or Related,Perpendicular,Straight,No Defects,"Divided, Flush Median (Greater Than 4Ft Wide)",Maryland (State) Route,Undisclosed
760,Montgomery,Injury Crash,2025-04-27 19:41:00,4,Driver,Front To Rear,Clear,Dusk,Not Suspected,Motor Vehicle In Transport,39.03868258,-77.05078897,No,Level,Dry,Traffic Signals,Intersection Or Related,Perpendicular,Straight,No Defects,"Divided, Raised Median (Curbed)",Maryland (State) Route,Georgia Ave
762,Montgomery,Injury Crash,2025-04-27 16:26:00,3,Unknown,Angle,Clear,Daylight,Unknown,Motor Vehicle In Transport,39.05259333,-77.05099167,No,Level,Dry,No/Unknown/Miscellaneous Control,Intersection Or Related,Perpendicular,Straight,No Defects,"Divided, Raised Median (Curbed)",County Route,Weisman Rd
763,Montgomery,Property Damage Crash,2025-04-27 16:22:00,"1, 2",Driver,"Sideswipe, Same Direction",Clear,Daylight,Not Suspected,Motor Vehicle In Transport,39.00885617,-77.03935483,No,"Downhill, Hillcrest",Dry,No/Unknown/Miscellaneous Control,Non-Junction,Non-Intersection,Straight,No Defects,Not Divided,County Route,Columbia Blvd
764,Montgomery,Injury Crash,2025-04-27 15:42:00,1,Driver,Rear To Side,Clear,Daylight,Not Suspected,Motor Vehicle In Transport,38.991426,-77.1177485,No,"Downhill, Level",Dry,Other,Intersection Or Related,Perpendicular,Straight,No Defects,Not Divided,County Route,Aberdeen Rd
765,Montgomery,Property Damage Crash,2025-04-27 15:31:00,4,Driver,Front To Rear,Clear,Daylight,Not Suspected,Motor Vehicle In Transport,39.05258783,-77.1161555,No,Level,Dry,Traffic Signals,Crossover-Related,Non-Intersection,Straight,No Defects,Not Divided,Maryland (State) Route,Rockville Pike
766,Montgomery,Property Damage Crash,2025-04-27 15:20:00,4,Unknown,Front To Rear,Clear,Daylight,Unknown,Motor Vehicle In Transport,39.01553624,-77.04260403,Unknown,Uphill,Dry,Traffic Signals,Non-Junction,Non-Intersection,Straight,No Defects,"Divided, Raised Median (Curbed)",Maryland (State) Route,Georgia Ave
767,Montgomery,Property Damage Crash,2025-04-27 13:58:00,2,Driver,Angle,Clear,Daylight,Not Suspected,Motor Vehicle In Transport,38.99017994,-77.0238898,No,Level,Dry,Traffic Signals,Non-Junction,Non-Intersection,Straight,No Defects,Not Divided,County Route,Fenton St
768,Montgomery,Property Damage Crash,2025-04-27 12:34:00,1,Unknown,Angle,Clear,Daylight,Unknown,Motor Vehicle In Transport,39.18542533,-77.18869896,Unknown,Level,Dry,No/Unknown/Miscellaneous Control,Non-Junction,Non-Intersection,Straight,No Defects,"Divided, Raised Median (Curbed)",County Route,Rothbury Dr
771,Montgomery,Injury Crash,2025-04-27 10:37:00,"2, 4",Driver,Angle,Clear,Daylight,Not Suspected,Motor Vehicle In Transport,39.05642778,-76.96705583,No,Level,Dry,No/Unknown/Miscellaneous Control,Acceleration/Deceleration Lane,Non-Intersection,Straight,No Defects,Not Divided,County Route,Tech Rd
772,Rockville,Injury Crash,2025-04-27 07:29:00,4,Driver,Angle,Clear,Daylight,Not Suspected,Motor Vehicle In Transport,39.09653218,-77.1534024,No,Level,Dry,Traffic Signals,Non-Junction,Non-Intersection,Straight,No Defects,"Divided, Raised Median (Curbed)",Municipality Route,Mannakee St
773,Gaithersburg,Property Damage Crash,2025-04-27 04:03:00,2,Driver,Angle,Clear,Dark - Lighted,Not Suspected,Motor Vehicle In Transport,39.14265181,-77.2208977,No,"Level, Uphill",Dry,Traffic Signals,Intersection Or Related,Perpendicular,Straight,No Defects,"Divided, Raised Median (Curbed), Not Divided",Maryland (State) Route,Quince Orchard Rd (Sb/L)
774,Takoma,Injury Crash,2025-04-27 03:40:00,4,Driver,Single Vehicle,Clear,Dark - Lighted,Not Suspected,Curb,38.97777913,-77.00737631,No,Level,Dry,No/Unknown/Miscellaneous Control,Non-Junction,Non-Intersection,Straight,No Defects,Not Divided,Maryland (State) Route,Undisclosed
775,Montgomery,Property Damage Crash,2025-04-27 02:41:00,0,Driver,Rear To Rear,Clear,Dark - Lighted,Unknown,Motor Vehicle In Transport,39.08619282,-76.94016583,Unknown,Level,Dry,No/Unknown/Miscellaneous Control,Non-Junction,Non-Intersection,Straight,No Defects,Not Divided,Local Route,Castle Blvd
776,Montgomery,Property Damage Crash,2025-04-27 01:51:00,3,Driver,Angle,Clear,Dark - Lighted,Not Suspected,Motor Vehicle In Transport,39.11121526,-76.93206981,No,Level,Dry,Other,Intersection Or Related,Perpendicular,Straight,No Defects,"Divided, Raised Median (Curbed), Not Divided",Ramp,Ramp 6 Fr Md 198 Eb To Us 29 Sb
777,Montgomery,Property Damage Crash,2025-04-26 23:44:00,1,Unknown,Single Vehicle,Clear,Dark - Lighted,Not Suspected,Other Non-Fixed Object,39.08515181,-77.20129395,No,Level,Dry,No/Unknown/Miscellaneous Control,Through Roadway,Non-Intersection,Straight,No Defects,Not Divided,County Route,Willow Tree Dr
778,Montgomery,Property Damage Crash,2025-04-26 23:31:00,"3, 4",Driver,Angle,Clear,Dark - Lighted,Not Suspected,Motor Vehicle In Transport,39.07529208,-77.00431935,No,Level,Dry,No/Unknown/Miscellaneous Control,Non-Junction,Non-Intersection,Straight,No Defects,"Divided, Raised Median (Curbed)",County Route,Randolph Rd (Wb/L)
779,Gaithersburg,Injury Crash,2025-04-26 23:20:00,3,Driver,Angle,Clear,Dark - Lighted,Not Suspected,Motor Vehicle In Transport,39.12386802,-77.23161486,No,Level,Dry,Traffic Signals,Intersection Or Related,Perpendicular,Straight,No Defects,"Not Divided, With A Continuous Left-Turn Lane",Maryland (State) Route,Great Seneca Hwy
780,Montgomery,Property Damage Crash,2025-04-26 22:32:00,2,Unknown,Single Vehicle,Clear,Dark - Lighted,Unknown,Tree (Standing),39.00127588,-76.98653766,Yes,Downhill,Dry,No/Unknown/Miscellaneous Control,Non-Junction,Non-Intersection,Straight,No Defects,Not Divided,Maryland (State) Route,Undisclosed
782,Montgomery,Fatal Crash,2025-04-26 21:59:00,5,Unknown,Single Vehicle,Clear,Dark - Lighted,Not Suspected,Pedestrian,39.08082916,-77.07518121,No,Level,Dry,Human/Pedestrian Control,Intersection Or Related,Perpendicular,Straight,No Defects,"Divided, Depressed Median",County Route,Aspen Hill Rd (Sb/L)
783,Montgomery,Injury Crash,2025-04-26 21:15:00,3,Unknown,"Sideswipe, Same Direction",Clear,Dark - Not Lighted,Not Suspected,Motor Vehicle In Transport,39.06880133,-77.015061,No,Level,Dry,Other,Intersection Or Related,Perpendicular,Straight,No Defects,"Divided, Raised Median (Curbed)",County Route,Hammonton Pl
784,Montgomery,Property Damage Crash,2025-04-26 21:02:00,1,Unknown,Single Vehicle,Clear,Dark - Lighted,Alcohol,Tree (Standing),39.0532741,-77.18429,No,Uphill,Dry,Signs,Intersection Or Related,Perpendicular,Straight,No Defects,"Not Divided, With A Continuous Left-Turn Lane",Maryland (State) Route,Undisclosed
785,Montgomery,Property Damage Crash,2025-04-26 20:30:00,"1, 2",Driver,Front To Front,Clear,Dark - Lighted,Not Suspected,Motor Vehicle In Transport,39.1900655,-77.26677503,No,Level,Dry,Traffic Signals,Intersection Or Related,Perpendicular,Straight,No Defects,Not Divided,County Route,Cloverleaf Center Dr (Eb/L)
786,Montgomery,Injury Crash,2025-04-26 19:02:00,3,Driver,Front To Rear,Clear,Daylight,Not Suspected,Motor Vehicle In Transport,39.01795326,-77.10115296,No,Level,Dry,No/Unknown/Miscellaneous Control,Non-Junction,Non-Intersection,Straight,No Defects,Not Divided,Maryland (State) Route,Rockville Pike
787,Rockville,Injury Crash,2025-04-26 18:34:00,"2, 4",Driver,Other,Clear,Daylight,Not Suspected,Motor Vehicle In Transport,39.11564284,-77.1661957,No,Level,Dry,Traffic Signals,Intersection Or Related,Perpendicular,Straight,No Defects,"Divided, Raised Median (Curbed)",County Route,Undisclosed
788,Gaithersburg,Property Damage Crash,2025-04-26 18:31:00,5,Driver,Front To Rear,Clear,Daylight,Not Suspected,Motor Vehicle In Transport,39.11039083,-77.21812367,No,Level,Dry,Traffic Signals,Acceleration/Deceleration Lane,Non-Intersection,Straight,No Defects,Not Divided,Maryland (State) Route,Great Seneca Hwy (Sb/L)
789,Montgomery,Property Damage Crash,2025-04-26 18:30:00,1,Driver,Angle,Clear,Daylight,Not Suspected,Motor Vehicle In Transport,39.03195383,-77.04700383,No,"Downhill, Level",Dry,Signs,Intersection Or Related,Perpendicular,Straight,No Defects,Not Divided,County Route,Amherst Ave
790,Montgomery,Injury Crash,2025-04-26 18:14:00,1,Driver,Front To Rear,Clear,Daylight,Not Suspected,Parked Vehicle,39.12260811,-77.02585631,No,Level,Dry,No/Unknown/Miscellaneous Control,Non-Junction,Non-Intersection,Straight,No Defects,Not Divided,County Route,Undisclosed
791,Montgomery,Property Damage Crash,2025-04-26 17:22:00,1,Unknown,Other,Clear,Daylight,Not Suspected,Motor Vehicle In Transport,39.04333774,-77.11336414,No,Level,Dry,Signs,Intersection Or Related,Perpendicular,Straight,No Defects,Not Divided,County Route,Undisclosed
792,Montgomery,Injury Crash,2025-04-26 16:19:00,"2, 3",Driver,Angle,Clear,Daylight,Not Suspected,Motor Vehicle In Transport,39.12963558,-77.16379047,No,Level,Dry,Traffic Signals,Entrance/Exit Ramp Or Related,Non-Intersection,Straight,No Defects,"Divided, Flush Median (Greater Than 4Ft Wide)",Ramp,Ramp 8 Fr Ramp 5 To Shady Grove Rd Wb
793,Montgomery,Property Damage Crash,2025-04-26 15:30:00,2,Driver,Angle,Clear,Daylight,Not Suspected,Motor Vehicle In Transport,39.19251078,-77.19331156,No,Level,Dry,Signs,Intersection Or Related,Perpendicular,Straight,No Defects,Not Divided,County Route,Strath Haven Dr
794,Montgomery,Property Damage Crash,2025-04-26 15:21:00,"3, 5",Driver,Front To Rear,Rain,Daylight,Not Suspected,Motor Vehicle In Transport,39.05340256,-77.05075937,No,Level,Wet,No/Unknown/Miscellaneous Control,Non-Junction,Non-Intersection,Straight,No Defects,"Divided, Raised Median (Curbed)",Maryland (State) Route,Georgia Ave
795,Montgomery,Property Damage Crash,2025-04-26 14:49:00,4,Driver,Front To Rear,Cloudy,Daylight,Not Suspected,Motor Vehicle In Transport,39.04676232,-76.98675392,No,Level,Dry,Traffic Signals,Acceleration/Deceleration Lane,Non-Intersection,Straight,No Defects,"Divided, Raised Median (Curbed)",Us (State),Columbia Pike (Sb/L)
796,Montgomery,Property Damage Crash,2025-04-26 14:40:00,1,Unknown,Front To Rear,Clear,Daylight,Unknown,Motor Vehicle In Transport,39.18246414,-77.25360746,Unknown,Level,Dry,Traffic Signals,Entrance/Exit Ramp Or Related,Non-Intersection,Straight,No Defects,Not Divided,Ramp,Ramp 6 Fr Md 118 Eb To Is 270 Sb
797,Montgomery,Injury Crash,2025-04-26 14:27:00,2,Driver,Angle,Clear,Daylight,Not Suspected,Motor Vehicle In Transport,39.11641203,-76.96576597,No,Level,Dry,No/Unknown/Miscellaneous Control,Through Roadway,Non-Intersection,Straight,No Defects,Not Divided,Maryland (State) Route,Undisclosed
799,Montgomery,Property Damage Crash,2025-04-26 14:01:00,3,Driver,Front To Rear,Clear,Daylight,Not Suspected,Motor Vehicle In Transport,39.1285745,-77.07163217,No,Level,Dry,No/Unknown/Miscellaneous Control,Non-Junction,Non-Intersection,Straight,No Defects,"Divided, Raised Median (Curbed)",Maryland (State) Route,Georgia Ave (Sb/L)
800,Montgomery,Property Damage Crash,2025-04-26 13:44:00,1,Driver,Angle,Clear,Daylight,Not Suspected,Motor Vehicle In Transport,39.269375,-77.15222917,No,Uphill,Dry,Other,Entrance/Exit Ramp Or Related,Non-Intersection,Straight,No Defects,Not Divided,County Route,Annapolis Rock Rd
801,Montgomery,Property Damage Crash,2025-04-26 13:26:00,1,Driver,Front To Rear,Clear,Daylight,Not Suspected,Motor Vehicle In Transport,39.042316,-77.178178,No,Level,Wet,No/Unknown/Miscellaneous Control,Intersection Or Related,Perpendicular,Straight,No Defects,Not Divided,County Route,Undisclosed
802,Montgomery,Property Damage Crash,2025-04-26 12:17:00,1,Driver,Single Vehicle,Rain,Daylight,Not Suspected,Culvert,39.2198585,-77.17445433,No,Downhill,Wet,No/Unknown/Miscellaneous Control,Non-Junction,Non-Intersection,Straight,No Defects,Not Divided,Maryland (State) Route,Woodfield Rd
804,Montgomery,Injury Crash,2025-04-26 11:40:00,2,Unknown,Single Vehicle,Cloudy,Daylight,Unknown,Utility Pole/Light Support,39.0785414,-77.25684366,No,Downhill,Wet,No/Unknown/Miscellaneous Control,Non-Junction,Non-Intersection,Straight,No Defects,Not Divided,County Route,Travilah Rd
806,Montgomery,Property Damage Crash,2025-04-26 10:50:00,"2, 3",Driver,Front To Front,Cloudy,Daylight,Not Suspected,Motor Vehicle In Transport,39.13302084,-77.24478256,No,"Downhill, Level",Wet,Traffic Signals,Intersection Or Related,Perpendicular,Straight,No Defects,"Divided, Depressed Median, Divided, Flush Median (Greater Than 4Ft Wide)",County Route,Longdraft Rd
807,Montgomery,Property Damage Crash,2025-04-26 10:01:00,3,Driver,Front To Rear,Rain,Daylight,Unknown,Motor Vehicle In Transport,39.01615736,-77.04296229,Unknown,Level,Wet,No/Unknown/Miscellaneous Control,Non-Junction,Non-Intersection,Straight,No Defects,"Divided, Raised Median (Curbed), Not Divided",Local Route,Metrorail Track B2 Rail
808,Montgomery,Property Damage Crash,2025-04-26 09:22:00,"2, 3",Driver,Angle,Cloudy,Daylight,Not Suspected,Motor Vehicle In Transport,39.07811888,-77.08063361,No,Level,Wet,Other,Driveway Access Or Related,Non-Intersection,Straight,No Defects,"Divided, Raised Median (Curbed)",Crossover,Undisclosed
810,Montgomery,Property Damage Crash,2025-04-26 04:55:00,2,Driver,Single Vehicle,Rain,Dark - Not Lighted,Unknown,Guardrail Face,39.03422411,-77.1468465,No,Level,Wet,No/Unknown/Miscellaneous Control,Non-Junction,Non-Intersection,Curve Left,No Defects,Not Divided,County Route,Undisclosed
811,Montgomery,Property Damage Crash,2025-04-26 03:54:00,3,Driver,Front To Rear,Rain,Dark - Lighted,Not Suspected,Motor Vehicle In Transport,38.99031131,-77.1528604,No,Level,Wet,No/Unknown/Miscellaneous Control,Non-Junction,Non-Intersection,Straight,No Defects,"Divided, Raised Median (Curbed)",Maryland (State) Route,River Rd (Wb/L)
812,Montgomery,Property Damage Crash,2025-04-26 02:30:00,2,Driver,Single Vehicle,Unknown,Dark - Lighted,Unknown,Ditch,39.14728503,-77.42927676,Yes,Level,Wet,No/Unknown/Miscellaneous Control,Through Roadway,Non-Intersection,Straight,No Defects,Not Divided,County Route,Whites Ferry Rd
813,Montgomery,Property Damage Crash,2025-04-26 00:10:00,1,Driver,Front To Front,Rain,Dark - Not Lighted,Not Suspected,Motor Vehicle In Transport,39.16026633,-77.1920585,No,Hillcrest,Wet,Traffic Signals,Intersection Or Related,Perpendicular,Straight,No Defects,Not Divided,County Route,Emory Grove Rd
814,Montgomery,Injury Crash,2025-04-25 23:54:00,3,Driver,Front To Rear,Rain,Dark - Lighted,Not Suspected,Motor Vehicle In Transport,39.0109949,-76.97746303,No,Level,Wet,No/Unknown/Miscellaneous Control,Non-Junction,Non-Intersection,Straight,No Defects,"Divided, Raised Median (Curbed)",County Route,Adelphi Rd (Wb/L)
815,Montgomery,Property Damage Crash,2025-04-25 23:45:00,3,Driver,Front To Rear,Rain,Dark - Lighted,Not Suspected,Motor Vehicle In Transport,39.02034458,-76.97664142,No,Level,Wet,Traffic Signals,Intersection Or Related,Perpendicular,Straight,No Defects,"Divided, Flush Median (Greater Than 4Ft Wide)",Maryland (State) Route,New Hampshire Ave
816,Montgomery,Property Damage Crash,2025-04-25 23:09:00,5,Driver,Front To Rear,Rain,Dark - Lighted,Not Suspected,Motor Vehicle In Transport,39.10538823,-77.1962259,No,Level,Wet,Traffic Signals,Intersection Or Related,Perpendicular,Straight,No Defects,"Divided, Raised Median (Curbed)",Maryland (State) Route,Key West Ave (Wb/L)
817,Gaithersburg,Injury Crash,2025-04-25 22:58:00,2,Unknown,Single Vehicle,Rain,Dark - Lighted,Not Suspected,Curb,39.11782033,-77.20327917,No,Level,Wet,Signs,Intersection Or Related,Roundabout/Traffic Circle,Curve Left,No Defects,"Divided, Raised Median (Curbed)",Local Route,Grand Corner Ave
819,Montgomery,Property Damage Crash,2025-04-25 19:43:00,4,Driver,Front To Front,Rain,Dark - Lighted,Not Suspected,Motor Vehicle In Transport,39.0723272,-76.95615421,No,Level,Wet,No/Unknown/Miscellaneous Control,Non-Junction,Non-Intersection,Straight,No Defects,Not Divided,Us (State),Columbia Pike
820,Montgomery,Property Damage Crash,2025-04-25 17:30:00,1,Driver,Front To Front,Clear,Daylight,Not Suspected,Parked Vehicle,39.17141239,-77.24325509,No,Downhill,Dry,No/Unknown/Miscellaneous Control,Non-Junction,Non-Intersection,Straight,No Defects,Not Divided,County Route,Staleybridge Rd